"test_id","PM2.5","PM10","O3"
"dongsi_aq#0",0,83.0003051757812,0
"dongsi_aq#1",0,75.0787506103516,0
"dongsi_aq#2",0,113.830932617188,0
"dongsi_aq#3",0,48.3429832458496,0
"dongsi_aq#4",0,72.8953628540039,0
"dongsi_aq#5",0,87.3205413818359,0
"dongsi_aq#6",0,90.4789962768555,0
"dongsi_aq#7",0,61.8346748352051,0
"dongsi_aq#8",0,96.5484237670898,0
"dongsi_aq#9",0,61.8912315368652,0
"dongsi_aq#10",0,63.0795478820801,0
"dongsi_aq#11",0,84.1042938232422,0
"dongsi_aq#12",0,60.9187431335449,0
"dongsi_aq#13",0,68.3800506591797,0
"dongsi_aq#14",0,75.3206329345703,0
"dongsi_aq#15",0,140.080459594727,0
"dongsi_aq#16",0,67.1971054077148,0
"dongsi_aq#17",0,106.480209350586,0
"dongsi_aq#18",0,81.4974822998047,0
"dongsi_aq#19",0,52.4238815307617,0
"dongsi_aq#20",0,57.7644996643066,0
"dongsi_aq#21",0,27.8016510009766,0
"dongsi_aq#22",0,52.3910980224609,0
"dongsi_aq#23",0,17.8875827789307,0
"dongsi_aq#24",0,43.9748001098633,0
"dongsi_aq#25",0,52.5904922485352,0
"dongsi_aq#26",0,75.8401870727539,0
"dongsi_aq#27",0,51.7168350219727,0
"dongsi_aq#28",0,102.602279663086,0
"dongsi_aq#29",0,83.7779693603516,0
"dongsi_aq#30",0,70.1471405029297,0
"dongsi_aq#31",0,74.1406784057617,0
"dongsi_aq#32",0,103.927314758301,0
"dongsi_aq#33",0,64.8071517944336,0
"dongsi_aq#34",0,82.8142776489258,0
"dongsi_aq#35",0,36.1204795837402,0
"dongsi_aq#36",0,35.8015518188477,0
"dongsi_aq#37",0,34.3880157470703,0
"dongsi_aq#38",0,26.5273857116699,0
"dongsi_aq#39",0,32.0629272460938,0
"dongsi_aq#40",0,22.4125270843506,0
"dongsi_aq#41",0,37.9191474914551,0
"dongsi_aq#42",0,37.4033508300781,0
"dongsi_aq#43",0,28.2327632904053,0
"dongsi_aq#44",0,15.1268081665039,0
"dongsi_aq#45",0,95.3029937744141,0
"dongsi_aq#46",0,37.4206771850586,0
"dongsi_aq#47",0,21.6065578460693,0
"tiantan_aq#0",0,28.0174140930176,0
"tiantan_aq#1",0,31.6343059539795,0
"tiantan_aq#2",0,37.2413063049316,0
"tiantan_aq#3",0,27.3465518951416,0
"tiantan_aq#4",0,33.1401748657227,0
"tiantan_aq#5",0,30.9584331512451,0
"tiantan_aq#6",0,26.0931644439697,0
"tiantan_aq#7",0,25.3160667419434,0
"tiantan_aq#8",0,42.9023475646973,0
"tiantan_aq#9",0,22.4370613098145,0
"tiantan_aq#10",0,21.2468547821045,0
"tiantan_aq#11",0,24.8567981719971,0
"tiantan_aq#12",0,45.3692893981934,0
"tiantan_aq#13",0,21.317798614502,0
"tiantan_aq#14",0,26.7026691436768,0
"tiantan_aq#15",0,49.6678619384766,0
"tiantan_aq#16",0,49.3970260620117,0
"tiantan_aq#17",0,65.2750854492188,0
"tiantan_aq#18",0,31.0107612609863,0
"tiantan_aq#19",0,77.9005355834961,0
"tiantan_aq#20",0,88.4186019897461,0
"tiantan_aq#21",0,51.7622985839844,0
"tiantan_aq#22",0,56.4107666015625,0
"tiantan_aq#23",0,35.9396057128906,0
"tiantan_aq#24",0,43.9034614562988,0
"tiantan_aq#25",0,71.6280288696289,0
"tiantan_aq#26",0,57.5794944763184,0
"tiantan_aq#27",0,38.2232475280762,0
"tiantan_aq#28",0,75.6972045898438,0
"tiantan_aq#29",0,71.7882461547852,0
"tiantan_aq#30",0,42.9135055541992,0
"tiantan_aq#31",0,32.9972686767578,0
"tiantan_aq#32",0,98.1106338500977,0
"tiantan_aq#33",0,22.9106884002686,0
"tiantan_aq#34",0,72.5960159301758,0
"tiantan_aq#35",0,32.7738494873047,0
"tiantan_aq#36",0,52.0859031677246,0
"tiantan_aq#37",0,50.1419486999512,0
"tiantan_aq#38",0,63.0637664794922,0
"tiantan_aq#39",0,60.906192779541,0
"tiantan_aq#40",0,47.1464347839355,0
"tiantan_aq#41",0,73.1751937866211,0
"tiantan_aq#42",0,56.2175445556641,0
"tiantan_aq#43",0,55.2342834472656,0
"tiantan_aq#44",0,63.4601020812988,0
"tiantan_aq#45",0,45.7602119445801,0
"tiantan_aq#46",0,50.5618896484375,0
"tiantan_aq#47",0,54.4708709716797,0
"guanyuan_aq#0",0,83.0003051757812,0
"guanyuan_aq#1",0,75.0787506103516,0
"guanyuan_aq#2",0,113.830932617188,0
"guanyuan_aq#3",0,48.3429832458496,0
"guanyuan_aq#4",0,72.8953628540039,0
"guanyuan_aq#5",0,87.3205413818359,0
"guanyuan_aq#6",0,90.4789962768555,0
"guanyuan_aq#7",0,61.8346748352051,0
"guanyuan_aq#8",0,96.5484237670898,0
"guanyuan_aq#9",0,61.8912315368652,0
"guanyuan_aq#10",0,63.0795478820801,0
"guanyuan_aq#11",0,84.1042938232422,0
"guanyuan_aq#12",0,60.9187431335449,0
"guanyuan_aq#13",0,68.3800506591797,0
"guanyuan_aq#14",0,75.3206329345703,0
"guanyuan_aq#15",0,140.080459594727,0
"guanyuan_aq#16",0,67.1971054077148,0
"guanyuan_aq#17",0,106.480209350586,0
"guanyuan_aq#18",0,81.4974822998047,0
"guanyuan_aq#19",0,52.4238815307617,0
"guanyuan_aq#20",0,57.7644996643066,0
"guanyuan_aq#21",0,27.8016510009766,0
"guanyuan_aq#22",0,52.3910980224609,0
"guanyuan_aq#23",0,17.8875827789307,0
"guanyuan_aq#24",0,43.9748001098633,0
"guanyuan_aq#25",0,52.5904922485352,0
"guanyuan_aq#26",0,75.8401870727539,0
"guanyuan_aq#27",0,51.7168350219727,0
"guanyuan_aq#28",0,102.602279663086,0
"guanyuan_aq#29",0,83.7779693603516,0
"guanyuan_aq#30",0,70.1471405029297,0
"guanyuan_aq#31",0,74.1406784057617,0
"guanyuan_aq#32",0,103.927314758301,0
"guanyuan_aq#33",0,64.8071517944336,0
"guanyuan_aq#34",0,82.8142776489258,0
"guanyuan_aq#35",0,36.1204795837402,0
"guanyuan_aq#36",0,35.8015518188477,0
"guanyuan_aq#37",0,34.3880157470703,0
"guanyuan_aq#38",0,26.5273857116699,0
"guanyuan_aq#39",0,32.0629272460938,0
"guanyuan_aq#40",0,22.4125270843506,0
"guanyuan_aq#41",0,37.9191474914551,0
"guanyuan_aq#42",0,37.4033508300781,0
"guanyuan_aq#43",0,28.2327632904053,0
"guanyuan_aq#44",0,15.1268081665039,0
"guanyuan_aq#45",0,95.3029937744141,0
"guanyuan_aq#46",0,37.4206771850586,0
"guanyuan_aq#47",0,21.6065578460693,0
"wanshouxig_aq#0",0,92.1445083618164,0
"wanshouxig_aq#1",0,72.9751968383789,0
"wanshouxig_aq#2",0,117.043266296387,0
"wanshouxig_aq#3",0,33.4993209838867,0
"wanshouxig_aq#4",0,84.5992202758789,0
"wanshouxig_aq#5",0,90.0257797241211,0
"wanshouxig_aq#6",0,63.9842529296875,0
"wanshouxig_aq#7",0,63.0127029418945,0
"wanshouxig_aq#8",0,113.499046325684,0
"wanshouxig_aq#9",0,60.7636222839355,0
"wanshouxig_aq#10",0,49.8350257873535,0
"wanshouxig_aq#11",0,64.9435577392578,0
"wanshouxig_aq#12",0,92.4099426269531,0
"wanshouxig_aq#13",0,74.9593734741211,0
"wanshouxig_aq#14",0,68.8733673095703,0
"wanshouxig_aq#15",0,87.7854843139648,0
"wanshouxig_aq#16",0,57.719123840332,0
"wanshouxig_aq#17",0,86.7802124023438,0
"wanshouxig_aq#18",0,77.2957534790039,0
"wanshouxig_aq#19",0,91.2294158935547,0
"wanshouxig_aq#20",0,34.8840522766113,0
"wanshouxig_aq#21",0,34.835033416748,0
"wanshouxig_aq#22",0,53.209644317627,0
"wanshouxig_aq#23",0,35.3131942749023,0
"wanshouxig_aq#24",0,30.9764995574951,0
"wanshouxig_aq#25",0,31.8215255737305,0
"wanshouxig_aq#26",0,32.0598754882812,0
"wanshouxig_aq#27",0,6.73192739486694,0
"wanshouxig_aq#28",0,28.0235424041748,0
"wanshouxig_aq#29",0,41.1502876281738,0
"wanshouxig_aq#30",0,26.6879577636719,0
"wanshouxig_aq#31",0,15.7497186660767,0
"wanshouxig_aq#32",0,85.0146713256836,0
"wanshouxig_aq#33",0,29.7300453186035,0
"wanshouxig_aq#34",0,68.3720245361328,0
"wanshouxig_aq#35",0,45.4069900512695,0
"wanshouxig_aq#36",0,91.6277160644531,0
"wanshouxig_aq#37",0,45.3958129882812,0
"wanshouxig_aq#38",0,74.0968017578125,0
"wanshouxig_aq#39",0,19.7387599945068,0
"wanshouxig_aq#40",0,6.57012367248535,0
"wanshouxig_aq#41",0,62.1654434204102,0
"wanshouxig_aq#42",0,43.7780799865723,0
"wanshouxig_aq#43",0,24.5819988250732,0
"wanshouxig_aq#44",0,13.5751123428345,0
"wanshouxig_aq#45",0,20.1598510742188,0
"wanshouxig_aq#46",0,18.910436630249,0
"wanshouxig_aq#47",0,1,0
"aotizhongx_aq#0",0,92.1445083618164,0
"aotizhongx_aq#1",0,72.9751968383789,0
"aotizhongx_aq#2",0,117.043266296387,0
"aotizhongx_aq#3",0,33.4993209838867,0
"aotizhongx_aq#4",0,84.5992202758789,0
"aotizhongx_aq#5",0,90.0257797241211,0
"aotizhongx_aq#6",0,63.9842529296875,0
"aotizhongx_aq#7",0,63.0127029418945,0
"aotizhongx_aq#8",0,113.499046325684,0
"aotizhongx_aq#9",0,60.7636222839355,0
"aotizhongx_aq#10",0,49.8350257873535,0
"aotizhongx_aq#11",0,64.9435577392578,0
"aotizhongx_aq#12",0,92.4099426269531,0
"aotizhongx_aq#13",0,74.9593734741211,0
"aotizhongx_aq#14",0,68.8733673095703,0
"aotizhongx_aq#15",0,87.7854843139648,0
"aotizhongx_aq#16",0,57.719123840332,0
"aotizhongx_aq#17",0,86.7802124023438,0
"aotizhongx_aq#18",0,77.2957534790039,0
"aotizhongx_aq#19",0,91.2294158935547,0
"aotizhongx_aq#20",0,34.8840522766113,0
"aotizhongx_aq#21",0,34.835033416748,0
"aotizhongx_aq#22",0,53.209644317627,0
"aotizhongx_aq#23",0,35.3131942749023,0
"aotizhongx_aq#24",0,30.9764995574951,0
"aotizhongx_aq#25",0,31.8215255737305,0
"aotizhongx_aq#26",0,32.0598754882812,0
"aotizhongx_aq#27",0,6.73192739486694,0
"aotizhongx_aq#28",0,28.0235424041748,0
"aotizhongx_aq#29",0,41.1502876281738,0
"aotizhongx_aq#30",0,26.6879577636719,0
"aotizhongx_aq#31",0,15.7497186660767,0
"aotizhongx_aq#32",0,85.0146713256836,0
"aotizhongx_aq#33",0,29.7300453186035,0
"aotizhongx_aq#34",0,68.3720245361328,0
"aotizhongx_aq#35",0,45.4069900512695,0
"aotizhongx_aq#36",0,91.6277160644531,0
"aotizhongx_aq#37",0,45.3958129882812,0
"aotizhongx_aq#38",0,74.0968017578125,0
"aotizhongx_aq#39",0,19.7387599945068,0
"aotizhongx_aq#40",0,6.57012367248535,0
"aotizhongx_aq#41",0,62.1654434204102,0
"aotizhongx_aq#42",0,43.7780799865723,0
"aotizhongx_aq#43",0,24.5819988250732,0
"aotizhongx_aq#44",0,13.5751123428345,0
"aotizhongx_aq#45",0,20.1598510742188,0
"aotizhongx_aq#46",0,18.910436630249,0
"aotizhongx_aq#47",0,1,0
"nongzhangu_aq#0",0,92.1445083618164,0
"nongzhangu_aq#1",0,72.9751968383789,0
"nongzhangu_aq#2",0,117.043266296387,0
"nongzhangu_aq#3",0,33.4993209838867,0
"nongzhangu_aq#4",0,84.5992202758789,0
"nongzhangu_aq#5",0,90.0257797241211,0
"nongzhangu_aq#6",0,63.9842529296875,0
"nongzhangu_aq#7",0,63.0127029418945,0
"nongzhangu_aq#8",0,113.499046325684,0
"nongzhangu_aq#9",0,60.7636222839355,0
"nongzhangu_aq#10",0,49.8350257873535,0
"nongzhangu_aq#11",0,64.9435577392578,0
"nongzhangu_aq#12",0,92.4099426269531,0
"nongzhangu_aq#13",0,74.9593734741211,0
"nongzhangu_aq#14",0,68.8733673095703,0
"nongzhangu_aq#15",0,87.7854843139648,0
"nongzhangu_aq#16",0,57.719123840332,0
"nongzhangu_aq#17",0,86.7802124023438,0
"nongzhangu_aq#18",0,77.2957534790039,0
"nongzhangu_aq#19",0,91.2294158935547,0
"nongzhangu_aq#20",0,34.8840522766113,0
"nongzhangu_aq#21",0,34.835033416748,0
"nongzhangu_aq#22",0,53.209644317627,0
"nongzhangu_aq#23",0,35.3131942749023,0
"nongzhangu_aq#24",0,30.9764995574951,0
"nongzhangu_aq#25",0,31.8215255737305,0
"nongzhangu_aq#26",0,32.0598754882812,0
"nongzhangu_aq#27",0,6.73192739486694,0
"nongzhangu_aq#28",0,28.0235424041748,0
"nongzhangu_aq#29",0,41.1502876281738,0
"nongzhangu_aq#30",0,26.6879577636719,0
"nongzhangu_aq#31",0,15.7497186660767,0
"nongzhangu_aq#32",0,85.0146713256836,0
"nongzhangu_aq#33",0,29.7300453186035,0
"nongzhangu_aq#34",0,68.3720245361328,0
"nongzhangu_aq#35",0,45.4069900512695,0
"nongzhangu_aq#36",0,91.6277160644531,0
"nongzhangu_aq#37",0,45.3958129882812,0
"nongzhangu_aq#38",0,74.0968017578125,0
"nongzhangu_aq#39",0,19.7387599945068,0
"nongzhangu_aq#40",0,6.57012367248535,0
"nongzhangu_aq#41",0,62.1654434204102,0
"nongzhangu_aq#42",0,43.7780799865723,0
"nongzhangu_aq#43",0,24.5819988250732,0
"nongzhangu_aq#44",0,13.5751123428345,0
"nongzhangu_aq#45",0,20.1598510742188,0
"nongzhangu_aq#46",0,18.910436630249,0
"nongzhangu_aq#47",0,1,0
"wanliu_aq#0",0,9.97643184661865,0
"wanliu_aq#1",0,26.238790512085,0
"wanliu_aq#2",0,32.3771934509277,0
"wanliu_aq#3",0,1,0
"wanliu_aq#4",0,15.3935785293579,0
"wanliu_aq#5",0,30.6961460113525,0
"wanliu_aq#6",0,39.1350440979004,0
"wanliu_aq#7",0,11.4182720184326,0
"wanliu_aq#8",0,36.7065467834473,0
"wanliu_aq#9",0,6.47327470779419,0
"wanliu_aq#10",0,5.31012487411499,0
"wanliu_aq#11",0,12.7971906661987,0
"wanliu_aq#12",0,11.5070848464966,0
"wanliu_aq#13",0,5.70057392120361,0
"wanliu_aq#14",0,18.4023818969727,0
"wanliu_aq#15",0,29.144006729126,0
"wanliu_aq#16",0,30.5624504089355,0
"wanliu_aq#17",0,101.551773071289,0
"wanliu_aq#18",0,25.4197731018066,0
"wanliu_aq#19",0,20.2534999847412,0
"wanliu_aq#20",0,30.0605602264404,0
"wanliu_aq#21",0,27.6874599456787,0
"wanliu_aq#22",0,48.0462493896484,0
"wanliu_aq#23",0,44.1509323120117,0
"wanliu_aq#24",0,125.392318725586,0
"wanliu_aq#25",0,94.6913757324219,0
"wanliu_aq#26",0,134.200759887695,0
"wanliu_aq#27",0,82.8835601806641,0
"wanliu_aq#28",0,113.643882751465,0
"wanliu_aq#29",0,100.254875183105,0
"wanliu_aq#30",0,95.5190277099609,0
"wanliu_aq#31",0,84.136604309082,0
"wanliu_aq#32",0,116.844497680664,0
"wanliu_aq#33",0,78.3725967407227,0
"wanliu_aq#34",0,83.3379287719727,0
"wanliu_aq#35",0,40.0937042236328,0
"wanliu_aq#36",0,40.5278968811035,0
"wanliu_aq#37",0,78.8755035400391,0
"wanliu_aq#38",0,104.724830627441,0
"wanliu_aq#39",0,54.8019905090332,0
"wanliu_aq#40",0,30.1963691711426,0
"wanliu_aq#41",0,45.9913673400879,0
"wanliu_aq#42",0,20.3166332244873,0
"wanliu_aq#43",0,17.267219543457,0
"wanliu_aq#44",0,37.7245063781738,0
"wanliu_aq#45",0,82.785758972168,0
"wanliu_aq#46",0,78.2919769287109,0
"wanliu_aq#47",0,81.365348815918,0
"beibuxinqu_aq#0",0,83.0003051757812,0
"beibuxinqu_aq#1",0,75.0787506103516,0
"beibuxinqu_aq#2",0,113.830932617188,0
"beibuxinqu_aq#3",0,48.3429832458496,0
"beibuxinqu_aq#4",0,72.8953628540039,0
"beibuxinqu_aq#5",0,87.3205413818359,0
"beibuxinqu_aq#6",0,90.4789962768555,0
"beibuxinqu_aq#7",0,61.8346748352051,0
"beibuxinqu_aq#8",0,96.5484237670898,0
"beibuxinqu_aq#9",0,61.8912315368652,0
"beibuxinqu_aq#10",0,63.0795478820801,0
"beibuxinqu_aq#11",0,84.1042938232422,0
"beibuxinqu_aq#12",0,60.9187431335449,0
"beibuxinqu_aq#13",0,68.3800506591797,0
"beibuxinqu_aq#14",0,75.3206329345703,0
"beibuxinqu_aq#15",0,140.080459594727,0
"beibuxinqu_aq#16",0,67.1971054077148,0
"beibuxinqu_aq#17",0,106.480209350586,0
"beibuxinqu_aq#18",0,81.4974822998047,0
"beibuxinqu_aq#19",0,52.4238815307617,0
"beibuxinqu_aq#20",0,57.7644996643066,0
"beibuxinqu_aq#21",0,27.8016510009766,0
"beibuxinqu_aq#22",0,52.3910980224609,0
"beibuxinqu_aq#23",0,17.8875827789307,0
"beibuxinqu_aq#24",0,43.9748001098633,0
"beibuxinqu_aq#25",0,52.5904922485352,0
"beibuxinqu_aq#26",0,75.8401870727539,0
"beibuxinqu_aq#27",0,51.7168350219727,0
"beibuxinqu_aq#28",0,102.602279663086,0
"beibuxinqu_aq#29",0,83.7779693603516,0
"beibuxinqu_aq#30",0,70.1471405029297,0
"beibuxinqu_aq#31",0,74.1406784057617,0
"beibuxinqu_aq#32",0,103.927314758301,0
"beibuxinqu_aq#33",0,64.8071517944336,0
"beibuxinqu_aq#34",0,82.8142776489258,0
"beibuxinqu_aq#35",0,36.1204795837402,0
"beibuxinqu_aq#36",0,35.8015518188477,0
"beibuxinqu_aq#37",0,34.3880157470703,0
"beibuxinqu_aq#38",0,26.5273857116699,0
"beibuxinqu_aq#39",0,32.0629272460938,0
"beibuxinqu_aq#40",0,22.4125270843506,0
"beibuxinqu_aq#41",0,37.9191474914551,0
"beibuxinqu_aq#42",0,37.4033508300781,0
"beibuxinqu_aq#43",0,28.2327632904053,0
"beibuxinqu_aq#44",0,15.1268081665039,0
"beibuxinqu_aq#45",0,95.3029937744141,0
"beibuxinqu_aq#46",0,37.4206771850586,0
"beibuxinqu_aq#47",0,21.6065578460693,0
"zhiwuyuan_aq#0",0,83.8640441894531,0
"zhiwuyuan_aq#1",0,70.9590682983398,0
"zhiwuyuan_aq#2",0,112.745559692383,0
"zhiwuyuan_aq#3",0,53.9313354492188,0
"zhiwuyuan_aq#4",0,65.1595153808594,0
"zhiwuyuan_aq#5",0,88.37060546875,0
"zhiwuyuan_aq#6",0,67.6930770874023,0
"zhiwuyuan_aq#7",0,56.2447357177734,0
"zhiwuyuan_aq#8",0,92.324104309082,0
"zhiwuyuan_aq#9",0,59.9007263183594,0
"zhiwuyuan_aq#10",0,62.9114532470703,0
"zhiwuyuan_aq#11",0,83.1560974121094,0
"zhiwuyuan_aq#12",0,61.8157730102539,0
"zhiwuyuan_aq#13",0,64.6334228515625,0
"zhiwuyuan_aq#14",0,76.8270416259766,0
"zhiwuyuan_aq#15",0,133.267913818359,0
"zhiwuyuan_aq#16",0,38.6125221252441,0
"zhiwuyuan_aq#17",0,71.3163833618164,0
"zhiwuyuan_aq#18",0,27.8970947265625,0
"zhiwuyuan_aq#19",0,38.1131362915039,0
"zhiwuyuan_aq#20",0,46.3920288085938,0
"zhiwuyuan_aq#21",0,19.1902103424072,0
"zhiwuyuan_aq#22",0,49.2950630187988,0
"zhiwuyuan_aq#23",0,42.6672668457031,0
"zhiwuyuan_aq#24",0,96.3607482910156,0
"zhiwuyuan_aq#25",0,107.094146728516,0
"zhiwuyuan_aq#26",0,125.286331176758,0
"zhiwuyuan_aq#27",0,75.7524871826172,0
"zhiwuyuan_aq#28",0,112.047760009766,0
"zhiwuyuan_aq#29",0,103.871307373047,0
"zhiwuyuan_aq#30",0,91.3587188720703,0
"zhiwuyuan_aq#31",0,56.0918388366699,0
"zhiwuyuan_aq#32",0,98.1818542480469,0
"zhiwuyuan_aq#33",0,50.1269264221191,0
"zhiwuyuan_aq#34",0,100.80281829834,0
"zhiwuyuan_aq#35",0,108.426300048828,0
"zhiwuyuan_aq#36",0,24.795768737793,0
"zhiwuyuan_aq#37",0,22.0469074249268,0
"zhiwuyuan_aq#38",0,33.5624732971191,0
"zhiwuyuan_aq#39",0,28.5151023864746,0
"zhiwuyuan_aq#40",0,8.66579532623291,0
"zhiwuyuan_aq#41",0,51.0170478820801,0
"zhiwuyuan_aq#42",0,21.3949813842773,0
"zhiwuyuan_aq#43",0,28.5505561828613,0
"zhiwuyuan_aq#44",0,3.46233320236206,0
"zhiwuyuan_aq#45",0,54.5919532775879,0
"zhiwuyuan_aq#46",0,7.77594614028931,0
"zhiwuyuan_aq#47",0,2.33457326889038,0
"fengtaihua_aq#0",0,83.0003051757812,0
"fengtaihua_aq#1",0,75.0787506103516,0
"fengtaihua_aq#2",0,113.830932617188,0
"fengtaihua_aq#3",0,48.3429832458496,0
"fengtaihua_aq#4",0,72.8953628540039,0
"fengtaihua_aq#5",0,87.3205413818359,0
"fengtaihua_aq#6",0,90.4789962768555,0
"fengtaihua_aq#7",0,61.8346748352051,0
"fengtaihua_aq#8",0,96.5484237670898,0
"fengtaihua_aq#9",0,61.8912315368652,0
"fengtaihua_aq#10",0,63.0795478820801,0
"fengtaihua_aq#11",0,84.1042938232422,0
"fengtaihua_aq#12",0,60.9187431335449,0
"fengtaihua_aq#13",0,68.3800506591797,0
"fengtaihua_aq#14",0,75.3206329345703,0
"fengtaihua_aq#15",0,140.080459594727,0
"fengtaihua_aq#16",0,67.1971054077148,0
"fengtaihua_aq#17",0,106.480209350586,0
"fengtaihua_aq#18",0,81.4974822998047,0
"fengtaihua_aq#19",0,52.4238815307617,0
"fengtaihua_aq#20",0,57.7644996643066,0
"fengtaihua_aq#21",0,27.8016510009766,0
"fengtaihua_aq#22",0,52.3910980224609,0
"fengtaihua_aq#23",0,17.8875827789307,0
"fengtaihua_aq#24",0,43.9748001098633,0
"fengtaihua_aq#25",0,52.5904922485352,0
"fengtaihua_aq#26",0,75.8401870727539,0
"fengtaihua_aq#27",0,51.7168350219727,0
"fengtaihua_aq#28",0,102.602279663086,0
"fengtaihua_aq#29",0,83.7779693603516,0
"fengtaihua_aq#30",0,70.1471405029297,0
"fengtaihua_aq#31",0,74.1406784057617,0
"fengtaihua_aq#32",0,103.927314758301,0
"fengtaihua_aq#33",0,64.8071517944336,0
"fengtaihua_aq#34",0,82.8142776489258,0
"fengtaihua_aq#35",0,36.1204795837402,0
"fengtaihua_aq#36",0,35.8015518188477,0
"fengtaihua_aq#37",0,34.3880157470703,0
"fengtaihua_aq#38",0,26.5273857116699,0
"fengtaihua_aq#39",0,32.0629272460938,0
"fengtaihua_aq#40",0,22.4125270843506,0
"fengtaihua_aq#41",0,37.9191474914551,0
"fengtaihua_aq#42",0,37.4033508300781,0
"fengtaihua_aq#43",0,28.2327632904053,0
"fengtaihua_aq#44",0,15.1268081665039,0
"fengtaihua_aq#45",0,95.3029937744141,0
"fengtaihua_aq#46",0,37.4206771850586,0
"fengtaihua_aq#47",0,21.6065578460693,0
"yungang_aq#0",0,83.0003051757812,0
"yungang_aq#1",0,75.0787506103516,0
"yungang_aq#2",0,113.830932617188,0
"yungang_aq#3",0,48.3429832458496,0
"yungang_aq#4",0,72.8953628540039,0
"yungang_aq#5",0,87.3205413818359,0
"yungang_aq#6",0,90.4789962768555,0
"yungang_aq#7",0,61.8346748352051,0
"yungang_aq#8",0,96.5484237670898,0
"yungang_aq#9",0,61.8912315368652,0
"yungang_aq#10",0,63.0795478820801,0
"yungang_aq#11",0,84.1042938232422,0
"yungang_aq#12",0,60.9187431335449,0
"yungang_aq#13",0,68.3800506591797,0
"yungang_aq#14",0,75.3206329345703,0
"yungang_aq#15",0,140.080459594727,0
"yungang_aq#16",0,67.1971054077148,0
"yungang_aq#17",0,106.480209350586,0
"yungang_aq#18",0,81.4974822998047,0
"yungang_aq#19",0,52.4238815307617,0
"yungang_aq#20",0,57.7644996643066,0
"yungang_aq#21",0,27.8016510009766,0
"yungang_aq#22",0,52.3910980224609,0
"yungang_aq#23",0,17.8875827789307,0
"yungang_aq#24",0,43.9748001098633,0
"yungang_aq#25",0,52.5904922485352,0
"yungang_aq#26",0,75.8401870727539,0
"yungang_aq#27",0,51.7168350219727,0
"yungang_aq#28",0,102.602279663086,0
"yungang_aq#29",0,83.7779693603516,0
"yungang_aq#30",0,70.1471405029297,0
"yungang_aq#31",0,74.1406784057617,0
"yungang_aq#32",0,103.927314758301,0
"yungang_aq#33",0,64.8071517944336,0
"yungang_aq#34",0,82.8142776489258,0
"yungang_aq#35",0,36.1204795837402,0
"yungang_aq#36",0,35.8015518188477,0
"yungang_aq#37",0,34.3880157470703,0
"yungang_aq#38",0,26.5273857116699,0
"yungang_aq#39",0,32.0629272460938,0
"yungang_aq#40",0,22.4125270843506,0
"yungang_aq#41",0,37.9191474914551,0
"yungang_aq#42",0,37.4033508300781,0
"yungang_aq#43",0,28.2327632904053,0
"yungang_aq#44",0,15.1268081665039,0
"yungang_aq#45",0,95.3029937744141,0
"yungang_aq#46",0,37.4206771850586,0
"yungang_aq#47",0,21.6065578460693,0
"gucheng_aq#0",0,9.97643184661865,0
"gucheng_aq#1",0,26.238790512085,0
"gucheng_aq#2",0,32.3771934509277,0
"gucheng_aq#3",0,1,0
"gucheng_aq#4",0,15.3935785293579,0
"gucheng_aq#5",0,30.6961460113525,0
"gucheng_aq#6",0,39.1350440979004,0
"gucheng_aq#7",0,11.4182720184326,0
"gucheng_aq#8",0,36.7065467834473,0
"gucheng_aq#9",0,6.47327470779419,0
"gucheng_aq#10",0,5.31012487411499,0
"gucheng_aq#11",0,12.7971906661987,0
"gucheng_aq#12",0,11.5070848464966,0
"gucheng_aq#13",0,5.70057392120361,0
"gucheng_aq#14",0,18.4023818969727,0
"gucheng_aq#15",0,29.144006729126,0
"gucheng_aq#16",0,30.5624504089355,0
"gucheng_aq#17",0,101.551773071289,0
"gucheng_aq#18",0,25.4197731018066,0
"gucheng_aq#19",0,20.2534999847412,0
"gucheng_aq#20",0,30.0605602264404,0
"gucheng_aq#21",0,27.6874599456787,0
"gucheng_aq#22",0,48.0462493896484,0
"gucheng_aq#23",0,44.1509323120117,0
"gucheng_aq#24",0,125.392318725586,0
"gucheng_aq#25",0,94.6913757324219,0
"gucheng_aq#26",0,134.200759887695,0
"gucheng_aq#27",0,82.8835601806641,0
"gucheng_aq#28",0,113.643882751465,0
"gucheng_aq#29",0,100.254875183105,0
"gucheng_aq#30",0,95.5190277099609,0
"gucheng_aq#31",0,84.136604309082,0
"gucheng_aq#32",0,116.844497680664,0
"gucheng_aq#33",0,78.3725967407227,0
"gucheng_aq#34",0,83.3379287719727,0
"gucheng_aq#35",0,40.0937042236328,0
"gucheng_aq#36",0,40.5278968811035,0
"gucheng_aq#37",0,78.8755035400391,0
"gucheng_aq#38",0,104.724830627441,0
"gucheng_aq#39",0,54.8019905090332,0
"gucheng_aq#40",0,30.1963691711426,0
"gucheng_aq#41",0,45.9913673400879,0
"gucheng_aq#42",0,20.3166332244873,0
"gucheng_aq#43",0,17.267219543457,0
"gucheng_aq#44",0,37.7245063781738,0
"gucheng_aq#45",0,82.785758972168,0
"gucheng_aq#46",0,78.2919769287109,0
"gucheng_aq#47",0,81.365348815918,0
"fangshan_aq#0",0,9.97643184661865,0
"fangshan_aq#1",0,26.238790512085,0
"fangshan_aq#2",0,32.3771934509277,0
"fangshan_aq#3",0,1,0
"fangshan_aq#4",0,15.3935785293579,0
"fangshan_aq#5",0,30.6961460113525,0
"fangshan_aq#6",0,39.1350440979004,0
"fangshan_aq#7",0,11.4182720184326,0
"fangshan_aq#8",0,36.7065467834473,0
"fangshan_aq#9",0,6.47327470779419,0
"fangshan_aq#10",0,5.31012487411499,0
"fangshan_aq#11",0,12.7971906661987,0
"fangshan_aq#12",0,11.5070848464966,0
"fangshan_aq#13",0,5.70057392120361,0
"fangshan_aq#14",0,18.4023818969727,0
"fangshan_aq#15",0,29.144006729126,0
"fangshan_aq#16",0,30.5624504089355,0
"fangshan_aq#17",0,101.551773071289,0
"fangshan_aq#18",0,25.4197731018066,0
"fangshan_aq#19",0,20.2534999847412,0
"fangshan_aq#20",0,30.0605602264404,0
"fangshan_aq#21",0,27.6874599456787,0
"fangshan_aq#22",0,48.0462493896484,0
"fangshan_aq#23",0,44.1509323120117,0
"fangshan_aq#24",0,125.392318725586,0
"fangshan_aq#25",0,94.6913757324219,0
"fangshan_aq#26",0,134.200759887695,0
"fangshan_aq#27",0,82.8835601806641,0
"fangshan_aq#28",0,113.643882751465,0
"fangshan_aq#29",0,100.254875183105,0
"fangshan_aq#30",0,95.5190277099609,0
"fangshan_aq#31",0,84.136604309082,0
"fangshan_aq#32",0,116.844497680664,0
"fangshan_aq#33",0,78.3725967407227,0
"fangshan_aq#34",0,83.3379287719727,0
"fangshan_aq#35",0,40.0937042236328,0
"fangshan_aq#36",0,40.5278968811035,0
"fangshan_aq#37",0,78.8755035400391,0
"fangshan_aq#38",0,104.724830627441,0
"fangshan_aq#39",0,54.8019905090332,0
"fangshan_aq#40",0,30.1963691711426,0
"fangshan_aq#41",0,45.9913673400879,0
"fangshan_aq#42",0,20.3166332244873,0
"fangshan_aq#43",0,17.267219543457,0
"fangshan_aq#44",0,37.7245063781738,0
"fangshan_aq#45",0,82.785758972168,0
"fangshan_aq#46",0,78.2919769287109,0
"fangshan_aq#47",0,81.365348815918,0
"daxing_aq#0",0,88.6644592285156,0
"daxing_aq#1",0,69.4951248168945,0
"daxing_aq#2",0,113.563209533691,0
"daxing_aq#3",0,30.0192527770996,0
"daxing_aq#4",0,81.1191635131836,0
"daxing_aq#5",0,86.5457153320312,0
"daxing_aq#6",0,60.5041885375977,0
"daxing_aq#7",0,59.5326461791992,0
"daxing_aq#8",0,110.018989562988,0
"daxing_aq#9",0,57.2835655212402,0
"daxing_aq#10",0,46.3549613952637,0
"daxing_aq#11",0,61.4634475708008,0
"daxing_aq#12",0,88.9298858642578,0
"daxing_aq#13",0,71.4793548583984,0
"daxing_aq#14",0,65.3932952880859,0
"daxing_aq#15",0,84.3054275512695,0
"daxing_aq#16",0,56.5044441223145,0
"daxing_aq#17",0,86.8039321899414,0
"daxing_aq#18",0,76.5505905151367,0
"daxing_aq#19",0,92.6049499511719,0
"daxing_aq#20",0,34.742000579834,0
"daxing_aq#21",0,31.9228000640869,0
"daxing_aq#22",0,52.2129173278809,0
"daxing_aq#23",0,36.1014099121094,0
"daxing_aq#24",0,30.5222110748291,0
"daxing_aq#25",0,31.8215255737305,0
"daxing_aq#26",0,33.848201751709,0
"daxing_aq#27",0,6.73192739486694,0
"daxing_aq#28",0,28.0235424041748,0
"daxing_aq#29",0,41.1502876281738,0
"daxing_aq#30",0,26.6879577636719,0
"daxing_aq#31",0,15.7497186660767,0
"daxing_aq#32",0,85.0146713256836,0
"daxing_aq#33",0,29.7300453186035,0
"daxing_aq#34",0,68.3720245361328,0
"daxing_aq#35",0,45.4069900512695,0
"daxing_aq#36",0,91.6277160644531,0
"daxing_aq#37",0,45.3958129882812,0
"daxing_aq#38",0,74.0968017578125,0
"daxing_aq#39",0,19.7387599945068,0
"daxing_aq#40",0,6.57012367248535,0
"daxing_aq#41",0,62.1654434204102,0
"daxing_aq#42",0,43.7780799865723,0
"daxing_aq#43",0,24.5819988250732,0
"daxing_aq#44",0,13.5751123428345,0
"daxing_aq#45",0,20.1598510742188,0
"daxing_aq#46",0,18.910436630249,0
"daxing_aq#47",0,1,0
"yizhuang_aq#0",0,88.6644592285156,0
"yizhuang_aq#1",0,69.4951248168945,0
"yizhuang_aq#2",0,113.563209533691,0
"yizhuang_aq#3",0,30.0192527770996,0
"yizhuang_aq#4",0,81.1191635131836,0
"yizhuang_aq#5",0,86.5457153320312,0
"yizhuang_aq#6",0,60.5041885375977,0
"yizhuang_aq#7",0,59.5326461791992,0
"yizhuang_aq#8",0,110.018989562988,0
"yizhuang_aq#9",0,57.2835655212402,0
"yizhuang_aq#10",0,46.3549613952637,0
"yizhuang_aq#11",0,61.4634475708008,0
"yizhuang_aq#12",0,88.9298858642578,0
"yizhuang_aq#13",0,71.4793548583984,0
"yizhuang_aq#14",0,65.3932952880859,0
"yizhuang_aq#15",0,84.3054275512695,0
"yizhuang_aq#16",0,56.5044441223145,0
"yizhuang_aq#17",0,86.8039321899414,0
"yizhuang_aq#18",0,76.5505905151367,0
"yizhuang_aq#19",0,92.6049499511719,0
"yizhuang_aq#20",0,34.742000579834,0
"yizhuang_aq#21",0,31.9228000640869,0
"yizhuang_aq#22",0,52.2129173278809,0
"yizhuang_aq#23",0,36.1014099121094,0
"yizhuang_aq#24",0,30.5222110748291,0
"yizhuang_aq#25",0,31.8215255737305,0
"yizhuang_aq#26",0,33.848201751709,0
"yizhuang_aq#27",0,6.73192739486694,0
"yizhuang_aq#28",0,28.0235424041748,0
"yizhuang_aq#29",0,41.1502876281738,0
"yizhuang_aq#30",0,26.6879577636719,0
"yizhuang_aq#31",0,15.7497186660767,0
"yizhuang_aq#32",0,85.0146713256836,0
"yizhuang_aq#33",0,29.7300453186035,0
"yizhuang_aq#34",0,68.3720245361328,0
"yizhuang_aq#35",0,45.4069900512695,0
"yizhuang_aq#36",0,91.6277160644531,0
"yizhuang_aq#37",0,45.3958129882812,0
"yizhuang_aq#38",0,74.0968017578125,0
"yizhuang_aq#39",0,19.7387599945068,0
"yizhuang_aq#40",0,6.57012367248535,0
"yizhuang_aq#41",0,62.1654434204102,0
"yizhuang_aq#42",0,43.7780799865723,0
"yizhuang_aq#43",0,24.5819988250732,0
"yizhuang_aq#44",0,13.5751123428345,0
"yizhuang_aq#45",0,20.1598510742188,0
"yizhuang_aq#46",0,18.910436630249,0
"yizhuang_aq#47",0,1,0
"tongzhou_aq#0",0,88.6644592285156,0
"tongzhou_aq#1",0,69.4951248168945,0
"tongzhou_aq#2",0,113.563209533691,0
"tongzhou_aq#3",0,30.0192527770996,0
"tongzhou_aq#4",0,81.1191635131836,0
"tongzhou_aq#5",0,86.5457153320312,0
"tongzhou_aq#6",0,60.5041885375977,0
"tongzhou_aq#7",0,59.5326461791992,0
"tongzhou_aq#8",0,110.018989562988,0
"tongzhou_aq#9",0,57.2835655212402,0
"tongzhou_aq#10",0,46.3549613952637,0
"tongzhou_aq#11",0,61.4634475708008,0
"tongzhou_aq#12",0,88.9298858642578,0
"tongzhou_aq#13",0,71.4793548583984,0
"tongzhou_aq#14",0,65.3932952880859,0
"tongzhou_aq#15",0,84.3054275512695,0
"tongzhou_aq#16",0,56.5044441223145,0
"tongzhou_aq#17",0,86.8039321899414,0
"tongzhou_aq#18",0,76.5505905151367,0
"tongzhou_aq#19",0,92.6049499511719,0
"tongzhou_aq#20",0,34.742000579834,0
"tongzhou_aq#21",0,31.9228000640869,0
"tongzhou_aq#22",0,52.2129173278809,0
"tongzhou_aq#23",0,36.1014099121094,0
"tongzhou_aq#24",0,30.5222110748291,0
"tongzhou_aq#25",0,31.8215255737305,0
"tongzhou_aq#26",0,33.848201751709,0
"tongzhou_aq#27",0,6.73192739486694,0
"tongzhou_aq#28",0,28.0235424041748,0
"tongzhou_aq#29",0,41.1502876281738,0
"tongzhou_aq#30",0,26.6879577636719,0
"tongzhou_aq#31",0,15.7497186660767,0
"tongzhou_aq#32",0,85.0146713256836,0
"tongzhou_aq#33",0,29.7300453186035,0
"tongzhou_aq#34",0,68.3720245361328,0
"tongzhou_aq#35",0,45.4069900512695,0
"tongzhou_aq#36",0,91.6277160644531,0
"tongzhou_aq#37",0,45.3958129882812,0
"tongzhou_aq#38",0,74.0968017578125,0
"tongzhou_aq#39",0,19.7387599945068,0
"tongzhou_aq#40",0,6.57012367248535,0
"tongzhou_aq#41",0,62.1654434204102,0
"tongzhou_aq#42",0,43.7780799865723,0
"tongzhou_aq#43",0,24.5819988250732,0
"tongzhou_aq#44",0,13.5751123428345,0
"tongzhou_aq#45",0,20.1598510742188,0
"tongzhou_aq#46",0,18.910436630249,0
"tongzhou_aq#47",0,1,0
"shunyi_aq#0",0,88.6644592285156,0
"shunyi_aq#1",0,69.4951248168945,0
"shunyi_aq#2",0,113.563209533691,0
"shunyi_aq#3",0,30.0192527770996,0
"shunyi_aq#4",0,81.1191635131836,0
"shunyi_aq#5",0,86.5457153320312,0
"shunyi_aq#6",0,60.5041885375977,0
"shunyi_aq#7",0,59.5326461791992,0
"shunyi_aq#8",0,110.018989562988,0
"shunyi_aq#9",0,57.2835655212402,0
"shunyi_aq#10",0,46.3549613952637,0
"shunyi_aq#11",0,61.4634475708008,0
"shunyi_aq#12",0,88.9298858642578,0
"shunyi_aq#13",0,71.4793548583984,0
"shunyi_aq#14",0,65.3932952880859,0
"shunyi_aq#15",0,84.3054275512695,0
"shunyi_aq#16",0,56.5044441223145,0
"shunyi_aq#17",0,86.8039321899414,0
"shunyi_aq#18",0,76.5505905151367,0
"shunyi_aq#19",0,92.6049499511719,0
"shunyi_aq#20",0,34.742000579834,0
"shunyi_aq#21",0,31.9228000640869,0
"shunyi_aq#22",0,52.2129173278809,0
"shunyi_aq#23",0,36.1014099121094,0
"shunyi_aq#24",0,30.5222110748291,0
"shunyi_aq#25",0,31.8215255737305,0
"shunyi_aq#26",0,33.848201751709,0
"shunyi_aq#27",0,6.73192739486694,0
"shunyi_aq#28",0,28.0235424041748,0
"shunyi_aq#29",0,41.1502876281738,0
"shunyi_aq#30",0,26.6879577636719,0
"shunyi_aq#31",0,15.7497186660767,0
"shunyi_aq#32",0,85.0146713256836,0
"shunyi_aq#33",0,29.7300453186035,0
"shunyi_aq#34",0,68.3720245361328,0
"shunyi_aq#35",0,45.4069900512695,0
"shunyi_aq#36",0,91.6277160644531,0
"shunyi_aq#37",0,45.3958129882812,0
"shunyi_aq#38",0,74.0968017578125,0
"shunyi_aq#39",0,19.7387599945068,0
"shunyi_aq#40",0,6.57012367248535,0
"shunyi_aq#41",0,62.1654434204102,0
"shunyi_aq#42",0,43.7780799865723,0
"shunyi_aq#43",0,24.5819988250732,0
"shunyi_aq#44",0,13.5751123428345,0
"shunyi_aq#45",0,20.1598510742188,0
"shunyi_aq#46",0,18.910436630249,0
"shunyi_aq#47",0,1,0
"pingchang_aq#0",0,83.0003051757812,0
"pingchang_aq#1",0,75.0787506103516,0
"pingchang_aq#2",0,113.830932617188,0
"pingchang_aq#3",0,48.3429832458496,0
"pingchang_aq#4",0,72.8953628540039,0
"pingchang_aq#5",0,87.3205413818359,0
"pingchang_aq#6",0,90.4789962768555,0
"pingchang_aq#7",0,61.8346748352051,0
"pingchang_aq#8",0,96.5484237670898,0
"pingchang_aq#9",0,61.8912315368652,0
"pingchang_aq#10",0,63.0795478820801,0
"pingchang_aq#11",0,84.1042938232422,0
"pingchang_aq#12",0,60.9187431335449,0
"pingchang_aq#13",0,68.3800506591797,0
"pingchang_aq#14",0,75.3206329345703,0
"pingchang_aq#15",0,140.080459594727,0
"pingchang_aq#16",0,67.1971054077148,0
"pingchang_aq#17",0,106.480209350586,0
"pingchang_aq#18",0,81.4974822998047,0
"pingchang_aq#19",0,52.4238815307617,0
"pingchang_aq#20",0,57.7644996643066,0
"pingchang_aq#21",0,27.8016510009766,0
"pingchang_aq#22",0,52.3910980224609,0
"pingchang_aq#23",0,17.8875827789307,0
"pingchang_aq#24",0,43.9748001098633,0
"pingchang_aq#25",0,52.5904922485352,0
"pingchang_aq#26",0,75.8401870727539,0
"pingchang_aq#27",0,51.7168350219727,0
"pingchang_aq#28",0,102.602279663086,0
"pingchang_aq#29",0,83.7779693603516,0
"pingchang_aq#30",0,70.1471405029297,0
"pingchang_aq#31",0,74.1406784057617,0
"pingchang_aq#32",0,103.927314758301,0
"pingchang_aq#33",0,64.8071517944336,0
"pingchang_aq#34",0,82.8142776489258,0
"pingchang_aq#35",0,36.1204795837402,0
"pingchang_aq#36",0,35.8015518188477,0
"pingchang_aq#37",0,34.3880157470703,0
"pingchang_aq#38",0,26.5273857116699,0
"pingchang_aq#39",0,32.0629272460938,0
"pingchang_aq#40",0,22.4125270843506,0
"pingchang_aq#41",0,37.9191474914551,0
"pingchang_aq#42",0,37.4033508300781,0
"pingchang_aq#43",0,28.2327632904053,0
"pingchang_aq#44",0,15.1268081665039,0
"pingchang_aq#45",0,95.3029937744141,0
"pingchang_aq#46",0,37.4206771850586,0
"pingchang_aq#47",0,21.6065578460693,0
"mentougou_aq#0",0,83.0003051757812,0
"mentougou_aq#1",0,75.0787506103516,0
"mentougou_aq#2",0,113.830932617188,0
"mentougou_aq#3",0,48.3429832458496,0
"mentougou_aq#4",0,72.8953628540039,0
"mentougou_aq#5",0,87.3205413818359,0
"mentougou_aq#6",0,90.4789962768555,0
"mentougou_aq#7",0,61.8346748352051,0
"mentougou_aq#8",0,96.5484237670898,0
"mentougou_aq#9",0,61.8912315368652,0
"mentougou_aq#10",0,63.0795478820801,0
"mentougou_aq#11",0,84.1042938232422,0
"mentougou_aq#12",0,60.9187431335449,0
"mentougou_aq#13",0,68.3800506591797,0
"mentougou_aq#14",0,75.3206329345703,0
"mentougou_aq#15",0,140.080459594727,0
"mentougou_aq#16",0,67.1971054077148,0
"mentougou_aq#17",0,106.480209350586,0
"mentougou_aq#18",0,81.4974822998047,0
"mentougou_aq#19",0,52.4238815307617,0
"mentougou_aq#20",0,57.7644996643066,0
"mentougou_aq#21",0,27.8016510009766,0
"mentougou_aq#22",0,52.3910980224609,0
"mentougou_aq#23",0,17.8875827789307,0
"mentougou_aq#24",0,43.9748001098633,0
"mentougou_aq#25",0,52.5904922485352,0
"mentougou_aq#26",0,75.8401870727539,0
"mentougou_aq#27",0,51.7168350219727,0
"mentougou_aq#28",0,102.602279663086,0
"mentougou_aq#29",0,83.7779693603516,0
"mentougou_aq#30",0,70.1471405029297,0
"mentougou_aq#31",0,74.1406784057617,0
"mentougou_aq#32",0,103.927314758301,0
"mentougou_aq#33",0,64.8071517944336,0
"mentougou_aq#34",0,82.8142776489258,0
"mentougou_aq#35",0,36.1204795837402,0
"mentougou_aq#36",0,35.8015518188477,0
"mentougou_aq#37",0,34.3880157470703,0
"mentougou_aq#38",0,26.5273857116699,0
"mentougou_aq#39",0,32.0629272460938,0
"mentougou_aq#40",0,22.4125270843506,0
"mentougou_aq#41",0,37.9191474914551,0
"mentougou_aq#42",0,37.4033508300781,0
"mentougou_aq#43",0,28.2327632904053,0
"mentougou_aq#44",0,15.1268081665039,0
"mentougou_aq#45",0,95.3029937744141,0
"mentougou_aq#46",0,37.4206771850586,0
"mentougou_aq#47",0,21.6065578460693,0
"pinggu_aq#0",0,83.0003051757812,0
"pinggu_aq#1",0,75.0787506103516,0
"pinggu_aq#2",0,113.830932617188,0
"pinggu_aq#3",0,48.3429832458496,0
"pinggu_aq#4",0,72.8953628540039,0
"pinggu_aq#5",0,87.3205413818359,0
"pinggu_aq#6",0,90.4789962768555,0
"pinggu_aq#7",0,61.8346748352051,0
"pinggu_aq#8",0,96.5484237670898,0
"pinggu_aq#9",0,61.8912315368652,0
"pinggu_aq#10",0,63.0795478820801,0
"pinggu_aq#11",0,84.1042938232422,0
"pinggu_aq#12",0,60.9187431335449,0
"pinggu_aq#13",0,68.3800506591797,0
"pinggu_aq#14",0,75.3206329345703,0
"pinggu_aq#15",0,140.080459594727,0
"pinggu_aq#16",0,67.1971054077148,0
"pinggu_aq#17",0,106.480209350586,0
"pinggu_aq#18",0,81.4974822998047,0
"pinggu_aq#19",0,52.4238815307617,0
"pinggu_aq#20",0,57.7644996643066,0
"pinggu_aq#21",0,27.8016510009766,0
"pinggu_aq#22",0,52.3910980224609,0
"pinggu_aq#23",0,17.8875827789307,0
"pinggu_aq#24",0,43.9748001098633,0
"pinggu_aq#25",0,52.5904922485352,0
"pinggu_aq#26",0,75.8401870727539,0
"pinggu_aq#27",0,51.7168350219727,0
"pinggu_aq#28",0,102.602279663086,0
"pinggu_aq#29",0,83.7779693603516,0
"pinggu_aq#30",0,70.1471405029297,0
"pinggu_aq#31",0,74.1406784057617,0
"pinggu_aq#32",0,103.927314758301,0
"pinggu_aq#33",0,64.8071517944336,0
"pinggu_aq#34",0,82.8142776489258,0
"pinggu_aq#35",0,36.1204795837402,0
"pinggu_aq#36",0,35.8015518188477,0
"pinggu_aq#37",0,34.3880157470703,0
"pinggu_aq#38",0,26.5273857116699,0
"pinggu_aq#39",0,32.0629272460938,0
"pinggu_aq#40",0,22.4125270843506,0
"pinggu_aq#41",0,37.9191474914551,0
"pinggu_aq#42",0,37.4033508300781,0
"pinggu_aq#43",0,28.2327632904053,0
"pinggu_aq#44",0,15.1268081665039,0
"pinggu_aq#45",0,95.3029937744141,0
"pinggu_aq#46",0,37.4206771850586,0
"pinggu_aq#47",0,21.6065578460693,0
"huairou_aq#0",0,86.4080352783203,0
"huairou_aq#1",0,67.2386703491211,0
"huairou_aq#2",0,111.306785583496,0
"huairou_aq#3",0,27.762825012207,0
"huairou_aq#4",0,78.8627395629883,0
"huairou_aq#5",0,84.2893218994141,0
"huairou_aq#6",0,58.2477645874023,0
"huairou_aq#7",0,57.2762222290039,0
"huairou_aq#8",0,107.762565612793,0
"huairou_aq#9",0,55.0271415710449,0
"huairou_aq#10",0,44.0985374450684,0
"huairou_aq#11",0,59.2070236206055,0
"huairou_aq#12",0,86.6734924316406,0
"huairou_aq#13",0,69.2228927612305,0
"huairou_aq#14",0,63.1368675231934,0
"huairou_aq#15",0,82.0490036010742,0
"huairou_aq#16",0,58.2525405883789,0
"huairou_aq#17",0,87.4641418457031,0
"huairou_aq#18",0,76.8167190551758,0
"huairou_aq#19",0,92.6049499511719,0
"huairou_aq#20",0,32.156307220459,0
"huairou_aq#21",0,34.835033416748,0
"huairou_aq#22",0,51.6638107299805,0
"huairou_aq#23",0,35.3131942749023,0
"huairou_aq#24",0,30.5222110748291,0
"huairou_aq#25",0,31.8215255737305,0
"huairou_aq#26",0,33.848201751709,0
"huairou_aq#27",0,6.73192739486694,0
"huairou_aq#28",0,28.0235424041748,0
"huairou_aq#29",0,41.1502876281738,0
"huairou_aq#30",0,26.6879577636719,0
"huairou_aq#31",0,15.7497186660767,0
"huairou_aq#32",0,85.0146713256836,0
"huairou_aq#33",0,29.7300453186035,0
"huairou_aq#34",0,68.3720245361328,0
"huairou_aq#35",0,45.4069900512695,0
"huairou_aq#36",0,91.6277160644531,0
"huairou_aq#37",0,45.3958129882812,0
"huairou_aq#38",0,74.0968017578125,0
"huairou_aq#39",0,19.7387599945068,0
"huairou_aq#40",0,6.57012367248535,0
"huairou_aq#41",0,62.1654434204102,0
"huairou_aq#42",0,43.7780799865723,0
"huairou_aq#43",0,24.5819988250732,0
"huairou_aq#44",0,13.5751123428345,0
"huairou_aq#45",0,20.1598510742188,0
"huairou_aq#46",0,18.910436630249,0
"huairou_aq#47",0,1,0
"miyun_aq#0",0,92.1445083618164,0
"miyun_aq#1",0,72.9751968383789,0
"miyun_aq#2",0,117.043266296387,0
"miyun_aq#3",0,33.4993209838867,0
"miyun_aq#4",0,84.5992202758789,0
"miyun_aq#5",0,90.0257797241211,0
"miyun_aq#6",0,63.9842529296875,0
"miyun_aq#7",0,63.0127029418945,0
"miyun_aq#8",0,113.499046325684,0
"miyun_aq#9",0,60.7636222839355,0
"miyun_aq#10",0,49.8350257873535,0
"miyun_aq#11",0,64.9435577392578,0
"miyun_aq#12",0,92.4099426269531,0
"miyun_aq#13",0,74.9593734741211,0
"miyun_aq#14",0,68.8733673095703,0
"miyun_aq#15",0,87.7854843139648,0
"miyun_aq#16",0,57.719123840332,0
"miyun_aq#17",0,86.7802124023438,0
"miyun_aq#18",0,77.2957534790039,0
"miyun_aq#19",0,91.2294158935547,0
"miyun_aq#20",0,34.8840522766113,0
"miyun_aq#21",0,34.835033416748,0
"miyun_aq#22",0,53.209644317627,0
"miyun_aq#23",0,35.3131942749023,0
"miyun_aq#24",0,30.9764995574951,0
"miyun_aq#25",0,31.8215255737305,0
"miyun_aq#26",0,32.0598754882812,0
"miyun_aq#27",0,6.73192739486694,0
"miyun_aq#28",0,28.0235424041748,0
"miyun_aq#29",0,41.1502876281738,0
"miyun_aq#30",0,26.6879577636719,0
"miyun_aq#31",0,15.7497186660767,0
"miyun_aq#32",0,85.0146713256836,0
"miyun_aq#33",0,29.7300453186035,0
"miyun_aq#34",0,68.3720245361328,0
"miyun_aq#35",0,45.4069900512695,0
"miyun_aq#36",0,91.6277160644531,0
"miyun_aq#37",0,45.3958129882812,0
"miyun_aq#38",0,74.0968017578125,0
"miyun_aq#39",0,19.7387599945068,0
"miyun_aq#40",0,6.57012367248535,0
"miyun_aq#41",0,62.1654434204102,0
"miyun_aq#42",0,43.7780799865723,0
"miyun_aq#43",0,24.5819988250732,0
"miyun_aq#44",0,13.5751123428345,0
"miyun_aq#45",0,20.1598510742188,0
"miyun_aq#46",0,18.910436630249,0
"miyun_aq#47",0,1,0
"yanqin_aq#0",0,28.250452041626,0
"yanqin_aq#1",0,45.030689239502,0
"yanqin_aq#2",0,41.8042488098145,0
"yanqin_aq#3",0,25.8921222686768,0
"yanqin_aq#4",0,35.8069152832031,0
"yanqin_aq#5",0,43.1777648925781,0
"yanqin_aq#6",0,28.4182910919189,0
"yanqin_aq#7",0,28.3987979888916,0
"yanqin_aq#8",0,63.0900650024414,0
"yanqin_aq#9",0,22.198356628418,0
"yanqin_aq#10",0,24.7248020172119,0
"yanqin_aq#11",0,39.9175148010254,0
"yanqin_aq#12",0,35.4181213378906,0
"yanqin_aq#13",0,23.502254486084,0
"yanqin_aq#14",0,86.4385147094727,0
"yanqin_aq#15",0,47.7870101928711,0
"yanqin_aq#16",0,51.0534973144531,0
"yanqin_aq#17",0,54.8808708190918,0
"yanqin_aq#18",0,35.0375862121582,0
"yanqin_aq#19",0,36.1272315979004,0
"yanqin_aq#20",0,100.233085632324,0
"yanqin_aq#21",0,6.77227163314819,0
"yanqin_aq#22",0,5.11147689819336,0
"yanqin_aq#23",0,1,0
"yanqin_aq#24",0,13.8028154373169,0
"yanqin_aq#25",0,72.2617111206055,0
"yanqin_aq#26",0,62.0270614624023,0
"yanqin_aq#27",0,56.3814392089844,0
"yanqin_aq#28",0,108.897674560547,0
"yanqin_aq#29",0,93.4486236572266,0
"yanqin_aq#30",0,83.7564086914062,0
"yanqin_aq#31",0,39.5886650085449,0
"yanqin_aq#32",0,85.7744140625,0
"yanqin_aq#33",0,55.9488639831543,0
"yanqin_aq#34",0,74.9673919677734,0
"yanqin_aq#35",0,58.1167831420898,0
"yanqin_aq#36",0,42.632137298584,0
"yanqin_aq#37",0,37.8269386291504,0
"yanqin_aq#38",0,79.4984512329102,0
"yanqin_aq#39",0,32.0303344726562,0
"yanqin_aq#40",0,24.6041164398193,0
"yanqin_aq#41",0,42.1589813232422,0
"yanqin_aq#42",0,1,0
"yanqin_aq#43",0,0.41354912519455,0
"yanqin_aq#44",0,14.4558639526367,0
"yanqin_aq#45",0,5.97085332870483,0
"yanqin_aq#46",0,4.3638391494751,0
"yanqin_aq#47",0,3.67468595504761,0
"dingling_aq#0",0,88.6873931884766,0
"dingling_aq#1",0,69.5180587768555,0
"dingling_aq#2",0,113.586143493652,0
"dingling_aq#3",0,30.0421943664551,0
"dingling_aq#4",0,81.1420974731445,0
"dingling_aq#5",0,86.5686492919922,0
"dingling_aq#6",0,60.5271224975586,0
"dingling_aq#7",0,59.5555801391602,0
"dingling_aq#8",0,110.041923522949,0
"dingling_aq#9",0,57.3064994812012,0
"dingling_aq#10",0,46.3779029846191,0
"dingling_aq#11",0,61.4863815307617,0
"dingling_aq#12",0,88.9528198242188,0
"dingling_aq#13",0,71.5022888183594,0
"dingling_aq#14",0,65.4162368774414,0
"dingling_aq#15",0,84.3283615112305,0
"dingling_aq#16",0,50.8639259338379,0
"dingling_aq#17",0,88.1890029907227,0
"dingling_aq#18",0,76.5505905151367,0
"dingling_aq#19",0,92.6049499511719,0
"dingling_aq#20",0,34.742000579834,0
"dingling_aq#21",0,31.9228000640869,0
"dingling_aq#22",0,52.2129173278809,0
"dingling_aq#23",0,36.1014099121094,0
"dingling_aq#24",0,30.5222110748291,0
"dingling_aq#25",0,31.8215255737305,0
"dingling_aq#26",0,33.848201751709,0
"dingling_aq#27",0,6.73192739486694,0
"dingling_aq#28",0,28.0235424041748,0
"dingling_aq#29",0,41.1502876281738,0
"dingling_aq#30",0,26.6879577636719,0
"dingling_aq#31",0,15.7497186660767,0
"dingling_aq#32",0,85.0146713256836,0
"dingling_aq#33",0,29.7300453186035,0
"dingling_aq#34",0,68.3720245361328,0
"dingling_aq#35",0,45.4069900512695,0
"dingling_aq#36",0,91.6277160644531,0
"dingling_aq#37",0,45.3958129882812,0
"dingling_aq#38",0,74.0968017578125,0
"dingling_aq#39",0,19.7387599945068,0
"dingling_aq#40",0,6.57012367248535,0
"dingling_aq#41",0,62.1654434204102,0
"dingling_aq#42",0,43.7780799865723,0
"dingling_aq#43",0,24.5819988250732,0
"dingling_aq#44",0,13.5751123428345,0
"dingling_aq#45",0,20.1598510742188,0
"dingling_aq#46",0,18.910436630249,0
"dingling_aq#47",0,1,0
"badaling_aq#0",0,83.0003051757812,0
"badaling_aq#1",0,75.0787506103516,0
"badaling_aq#2",0,113.830932617188,0
"badaling_aq#3",0,48.3429832458496,0
"badaling_aq#4",0,72.8953628540039,0
"badaling_aq#5",0,87.3205413818359,0
"badaling_aq#6",0,90.4789962768555,0
"badaling_aq#7",0,61.8346748352051,0
"badaling_aq#8",0,96.5484237670898,0
"badaling_aq#9",0,61.8912315368652,0
"badaling_aq#10",0,63.0795478820801,0
"badaling_aq#11",0,84.1042938232422,0
"badaling_aq#12",0,60.9187431335449,0
"badaling_aq#13",0,68.3800506591797,0
"badaling_aq#14",0,75.3206329345703,0
"badaling_aq#15",0,140.080459594727,0
"badaling_aq#16",0,67.1971054077148,0
"badaling_aq#17",0,106.480209350586,0
"badaling_aq#18",0,81.4974822998047,0
"badaling_aq#19",0,52.4238815307617,0
"badaling_aq#20",0,57.7644996643066,0
"badaling_aq#21",0,27.8016510009766,0
"badaling_aq#22",0,52.3910980224609,0
"badaling_aq#23",0,17.8875827789307,0
"badaling_aq#24",0,43.9748001098633,0
"badaling_aq#25",0,52.5904922485352,0
"badaling_aq#26",0,75.8401870727539,0
"badaling_aq#27",0,51.7168350219727,0
"badaling_aq#28",0,102.602279663086,0
"badaling_aq#29",0,83.7779693603516,0
"badaling_aq#30",0,70.1471405029297,0
"badaling_aq#31",0,74.1406784057617,0
"badaling_aq#32",0,103.927314758301,0
"badaling_aq#33",0,64.8071517944336,0
"badaling_aq#34",0,82.8142776489258,0
"badaling_aq#35",0,36.1204795837402,0
"badaling_aq#36",0,35.8015518188477,0
"badaling_aq#37",0,34.3880157470703,0
"badaling_aq#38",0,26.5273857116699,0
"badaling_aq#39",0,32.0629272460938,0
"badaling_aq#40",0,22.4125270843506,0
"badaling_aq#41",0,37.9191474914551,0
"badaling_aq#42",0,37.4033508300781,0
"badaling_aq#43",0,28.2327632904053,0
"badaling_aq#44",0,15.1268081665039,0
"badaling_aq#45",0,95.3029937744141,0
"badaling_aq#46",0,37.4206771850586,0
"badaling_aq#47",0,21.6065578460693,0
"miyunshuik_aq#0",0,83.8640441894531,0
"miyunshuik_aq#1",0,70.9590682983398,0
"miyunshuik_aq#2",0,112.745559692383,0
"miyunshuik_aq#3",0,53.9313354492188,0
"miyunshuik_aq#4",0,65.1595153808594,0
"miyunshuik_aq#5",0,88.37060546875,0
"miyunshuik_aq#6",0,67.6930770874023,0
"miyunshuik_aq#7",0,56.2447357177734,0
"miyunshuik_aq#8",0,92.324104309082,0
"miyunshuik_aq#9",0,59.9007263183594,0
"miyunshuik_aq#10",0,62.9114532470703,0
"miyunshuik_aq#11",0,83.1560974121094,0
"miyunshuik_aq#12",0,61.8157730102539,0
"miyunshuik_aq#13",0,64.6334228515625,0
"miyunshuik_aq#14",0,76.8270416259766,0
"miyunshuik_aq#15",0,133.267913818359,0
"miyunshuik_aq#16",0,38.6125221252441,0
"miyunshuik_aq#17",0,71.3163833618164,0
"miyunshuik_aq#18",0,27.8970947265625,0
"miyunshuik_aq#19",0,38.1131362915039,0
"miyunshuik_aq#20",0,46.3920288085938,0
"miyunshuik_aq#21",0,19.1902103424072,0
"miyunshuik_aq#22",0,49.2950630187988,0
"miyunshuik_aq#23",0,42.6672668457031,0
"miyunshuik_aq#24",0,96.3607482910156,0
"miyunshuik_aq#25",0,107.094146728516,0
"miyunshuik_aq#26",0,125.286331176758,0
"miyunshuik_aq#27",0,75.7524871826172,0
"miyunshuik_aq#28",0,112.047760009766,0
"miyunshuik_aq#29",0,103.871307373047,0
"miyunshuik_aq#30",0,91.3587188720703,0
"miyunshuik_aq#31",0,56.0918388366699,0
"miyunshuik_aq#32",0,98.1818542480469,0
"miyunshuik_aq#33",0,50.1269264221191,0
"miyunshuik_aq#34",0,100.80281829834,0
"miyunshuik_aq#35",0,108.426300048828,0
"miyunshuik_aq#36",0,24.795768737793,0
"miyunshuik_aq#37",0,22.0469074249268,0
"miyunshuik_aq#38",0,33.5624732971191,0
"miyunshuik_aq#39",0,28.5151023864746,0
"miyunshuik_aq#40",0,8.66579532623291,0
"miyunshuik_aq#41",0,51.0170478820801,0
"miyunshuik_aq#42",0,21.3949813842773,0
"miyunshuik_aq#43",0,28.5505561828613,0
"miyunshuik_aq#44",0,3.46233320236206,0
"miyunshuik_aq#45",0,54.5919532775879,0
"miyunshuik_aq#46",0,7.77594614028931,0
"miyunshuik_aq#47",0,2.33457326889038,0
"donggaocun_aq#0",0,65.2878570556641,0
"donggaocun_aq#1",0,49.6396484375,0
"donggaocun_aq#2",0,55.0766220092773,0
"donggaocun_aq#3",0,33.6252365112305,0
"donggaocun_aq#4",0,47.8238143920898,0
"donggaocun_aq#5",0,70.0054397583008,0
"donggaocun_aq#6",0,65.6690292358398,0
"donggaocun_aq#7",0,38.9009399414062,0
"donggaocun_aq#8",0,59.1903305053711,0
"donggaocun_aq#9",0,37.4997711181641,0
"donggaocun_aq#10",0,40.9530563354492,0
"donggaocun_aq#11",0,45.9979553222656,0
"donggaocun_aq#12",0,34.8324432373047,0
"donggaocun_aq#13",0,46.7794647216797,0
"donggaocun_aq#14",0,36.7256240844727,0
"donggaocun_aq#15",0,81.1028060913086,0
"donggaocun_aq#16",0,90.1807861328125,0
"donggaocun_aq#17",0,56.4311447143555,0
"donggaocun_aq#18",0,35.7337493896484,0
"donggaocun_aq#19",0,39.9449806213379,0
"donggaocun_aq#20",0,38.2417602539062,0
"donggaocun_aq#21",0,71.3088684082031,0
"donggaocun_aq#22",0,79.7976226806641,0
"donggaocun_aq#23",0,29.9678630828857,0
"donggaocun_aq#24",0,35.3872528076172,0
"donggaocun_aq#25",0,50.8433227539062,0
"donggaocun_aq#26",0,99.6691360473633,0
"donggaocun_aq#27",0,59.1968688964844,0
"donggaocun_aq#28",0,89.1027908325195,0
"donggaocun_aq#29",0,57.2870788574219,0
"donggaocun_aq#30",0,36.2092742919922,0
"donggaocun_aq#31",0,21.4970512390137,0
"donggaocun_aq#32",0,50.684886932373,0
"donggaocun_aq#33",0,6.70140027999878,0
"donggaocun_aq#34",0,41.2308044433594,0
"donggaocun_aq#35",0,52.197940826416,0
"donggaocun_aq#36",0,23.6181392669678,0
"donggaocun_aq#37",0,24.7595462799072,0
"donggaocun_aq#38",0,38.9275588989258,0
"donggaocun_aq#39",0,32.0674057006836,0
"donggaocun_aq#40",0,32.9926681518555,0
"donggaocun_aq#41",0,49.5778007507324,0
"donggaocun_aq#42",0,14.0629529953003,0
"donggaocun_aq#43",0,15.270866394043,0
"donggaocun_aq#44",0,39.5887756347656,0
"donggaocun_aq#45",0,24.0999164581299,0
"donggaocun_aq#46",0,30.7831878662109,0
"donggaocun_aq#47",0,30.9834880828857,0
"yongledian_aq#0",0,92.1445083618164,0
"yongledian_aq#1",0,72.9751968383789,0
"yongledian_aq#2",0,117.043266296387,0
"yongledian_aq#3",0,33.4993209838867,0
"yongledian_aq#4",0,84.5992202758789,0
"yongledian_aq#5",0,90.0257797241211,0
"yongledian_aq#6",0,63.9842529296875,0
"yongledian_aq#7",0,63.0127029418945,0
"yongledian_aq#8",0,113.499046325684,0
"yongledian_aq#9",0,60.7636222839355,0
"yongledian_aq#10",0,49.8350257873535,0
"yongledian_aq#11",0,64.9435577392578,0
"yongledian_aq#12",0,92.4099426269531,0
"yongledian_aq#13",0,74.9593734741211,0
"yongledian_aq#14",0,68.8733673095703,0
"yongledian_aq#15",0,87.7854843139648,0
"yongledian_aq#16",0,57.719123840332,0
"yongledian_aq#17",0,86.7802124023438,0
"yongledian_aq#18",0,77.2957534790039,0
"yongledian_aq#19",0,91.2294158935547,0
"yongledian_aq#20",0,34.8840522766113,0
"yongledian_aq#21",0,34.835033416748,0
"yongledian_aq#22",0,53.209644317627,0
"yongledian_aq#23",0,35.3131942749023,0
"yongledian_aq#24",0,30.9764995574951,0
"yongledian_aq#25",0,31.8215255737305,0
"yongledian_aq#26",0,32.0598754882812,0
"yongledian_aq#27",0,6.73192739486694,0
"yongledian_aq#28",0,28.0235424041748,0
"yongledian_aq#29",0,41.1502876281738,0
"yongledian_aq#30",0,26.6879577636719,0
"yongledian_aq#31",0,15.7497186660767,0
"yongledian_aq#32",0,85.0146713256836,0
"yongledian_aq#33",0,29.7300453186035,0
"yongledian_aq#34",0,68.3720245361328,0
"yongledian_aq#35",0,45.4069900512695,0
"yongledian_aq#36",0,91.6277160644531,0
"yongledian_aq#37",0,45.3958129882812,0
"yongledian_aq#38",0,74.0968017578125,0
"yongledian_aq#39",0,19.7387599945068,0
"yongledian_aq#40",0,6.57012367248535,0
"yongledian_aq#41",0,62.1654434204102,0
"yongledian_aq#42",0,43.7780799865723,0
"yongledian_aq#43",0,24.5819988250732,0
"yongledian_aq#44",0,13.5751123428345,0
"yongledian_aq#45",0,20.1598510742188,0
"yongledian_aq#46",0,18.910436630249,0
"yongledian_aq#47",0,1,0
"yufa_aq#0",0,9.97643184661865,0
"yufa_aq#1",0,26.238790512085,0
"yufa_aq#2",0,32.3771934509277,0
"yufa_aq#3",0,1,0
"yufa_aq#4",0,15.3935785293579,0
"yufa_aq#5",0,30.6961460113525,0
"yufa_aq#6",0,39.1350440979004,0
"yufa_aq#7",0,11.4182720184326,0
"yufa_aq#8",0,36.7065467834473,0
"yufa_aq#9",0,6.47327470779419,0
"yufa_aq#10",0,5.31012487411499,0
"yufa_aq#11",0,12.7971906661987,0
"yufa_aq#12",0,11.5070848464966,0
"yufa_aq#13",0,5.70057392120361,0
"yufa_aq#14",0,18.4023818969727,0
"yufa_aq#15",0,29.144006729126,0
"yufa_aq#16",0,30.5624504089355,0
"yufa_aq#17",0,101.551773071289,0
"yufa_aq#18",0,25.4197731018066,0
"yufa_aq#19",0,20.2534999847412,0
"yufa_aq#20",0,30.0605602264404,0
"yufa_aq#21",0,27.6874599456787,0
"yufa_aq#22",0,48.0462493896484,0
"yufa_aq#23",0,44.1509323120117,0
"yufa_aq#24",0,125.392318725586,0
"yufa_aq#25",0,94.6913757324219,0
"yufa_aq#26",0,134.200759887695,0
"yufa_aq#27",0,82.8835601806641,0
"yufa_aq#28",0,113.643882751465,0
"yufa_aq#29",0,100.254875183105,0
"yufa_aq#30",0,95.5190277099609,0
"yufa_aq#31",0,84.136604309082,0
"yufa_aq#32",0,116.844497680664,0
"yufa_aq#33",0,78.3725967407227,0
"yufa_aq#34",0,83.3379287719727,0
"yufa_aq#35",0,40.0937042236328,0
"yufa_aq#36",0,40.5278968811035,0
"yufa_aq#37",0,78.8755035400391,0
"yufa_aq#38",0,104.724830627441,0
"yufa_aq#39",0,54.8019905090332,0
"yufa_aq#40",0,30.1963691711426,0
"yufa_aq#41",0,45.9913673400879,0
"yufa_aq#42",0,20.3166332244873,0
"yufa_aq#43",0,17.267219543457,0
"yufa_aq#44",0,37.7245063781738,0
"yufa_aq#45",0,82.785758972168,0
"yufa_aq#46",0,78.2919769287109,0
"yufa_aq#47",0,81.365348815918,0
"liulihe_aq#0",0,83.0003051757812,0
"liulihe_aq#1",0,75.0787506103516,0
"liulihe_aq#2",0,113.830932617188,0
"liulihe_aq#3",0,48.3429832458496,0
"liulihe_aq#4",0,72.8953628540039,0
"liulihe_aq#5",0,87.3205413818359,0
"liulihe_aq#6",0,90.4789962768555,0
"liulihe_aq#7",0,61.8346748352051,0
"liulihe_aq#8",0,96.5484237670898,0
"liulihe_aq#9",0,61.8912315368652,0
"liulihe_aq#10",0,63.0795478820801,0
"liulihe_aq#11",0,84.1042938232422,0
"liulihe_aq#12",0,60.9187431335449,0
"liulihe_aq#13",0,68.3800506591797,0
"liulihe_aq#14",0,75.3206329345703,0
"liulihe_aq#15",0,140.080459594727,0
"liulihe_aq#16",0,67.1971054077148,0
"liulihe_aq#17",0,106.480209350586,0
"liulihe_aq#18",0,81.4974822998047,0
"liulihe_aq#19",0,52.4238815307617,0
"liulihe_aq#20",0,57.7644996643066,0
"liulihe_aq#21",0,27.8016510009766,0
"liulihe_aq#22",0,52.3910980224609,0
"liulihe_aq#23",0,17.8875827789307,0
"liulihe_aq#24",0,43.9748001098633,0
"liulihe_aq#25",0,52.5904922485352,0
"liulihe_aq#26",0,75.8401870727539,0
"liulihe_aq#27",0,51.7168350219727,0
"liulihe_aq#28",0,102.602279663086,0
"liulihe_aq#29",0,83.7779693603516,0
"liulihe_aq#30",0,70.1471405029297,0
"liulihe_aq#31",0,74.1406784057617,0
"liulihe_aq#32",0,103.927314758301,0
"liulihe_aq#33",0,64.8071517944336,0
"liulihe_aq#34",0,82.8142776489258,0
"liulihe_aq#35",0,36.1204795837402,0
"liulihe_aq#36",0,35.8015518188477,0
"liulihe_aq#37",0,34.3880157470703,0
"liulihe_aq#38",0,26.5273857116699,0
"liulihe_aq#39",0,32.0629272460938,0
"liulihe_aq#40",0,22.4125270843506,0
"liulihe_aq#41",0,37.9191474914551,0
"liulihe_aq#42",0,37.4033508300781,0
"liulihe_aq#43",0,28.2327632904053,0
"liulihe_aq#44",0,15.1268081665039,0
"liulihe_aq#45",0,95.3029937744141,0
"liulihe_aq#46",0,37.4206771850586,0
"liulihe_aq#47",0,21.6065578460693,0
"qianmen_aq#0",0,83.0003051757812,0
"qianmen_aq#1",0,75.0787506103516,0
"qianmen_aq#2",0,113.830932617188,0
"qianmen_aq#3",0,48.3429832458496,0
"qianmen_aq#4",0,72.8953628540039,0
"qianmen_aq#5",0,87.3205413818359,0
"qianmen_aq#6",0,90.4789962768555,0
"qianmen_aq#7",0,61.8346748352051,0
"qianmen_aq#8",0,96.5484237670898,0
"qianmen_aq#9",0,61.8912315368652,0
"qianmen_aq#10",0,63.0795478820801,0
"qianmen_aq#11",0,84.1042938232422,0
"qianmen_aq#12",0,60.9187431335449,0
"qianmen_aq#13",0,68.3800506591797,0
"qianmen_aq#14",0,75.3206329345703,0
"qianmen_aq#15",0,140.080459594727,0
"qianmen_aq#16",0,67.1971054077148,0
"qianmen_aq#17",0,106.480209350586,0
"qianmen_aq#18",0,81.4974822998047,0
"qianmen_aq#19",0,52.4238815307617,0
"qianmen_aq#20",0,57.7644996643066,0
"qianmen_aq#21",0,27.8016510009766,0
"qianmen_aq#22",0,52.3910980224609,0
"qianmen_aq#23",0,17.8875827789307,0
"qianmen_aq#24",0,43.9748001098633,0
"qianmen_aq#25",0,52.5904922485352,0
"qianmen_aq#26",0,75.8401870727539,0
"qianmen_aq#27",0,51.7168350219727,0
"qianmen_aq#28",0,102.602279663086,0
"qianmen_aq#29",0,83.7779693603516,0
"qianmen_aq#30",0,70.1471405029297,0
"qianmen_aq#31",0,74.1406784057617,0
"qianmen_aq#32",0,103.927314758301,0
"qianmen_aq#33",0,64.8071517944336,0
"qianmen_aq#34",0,82.8142776489258,0
"qianmen_aq#35",0,36.1204795837402,0
"qianmen_aq#36",0,35.8015518188477,0
"qianmen_aq#37",0,34.3880157470703,0
"qianmen_aq#38",0,26.5273857116699,0
"qianmen_aq#39",0,32.0629272460938,0
"qianmen_aq#40",0,22.4125270843506,0
"qianmen_aq#41",0,37.9191474914551,0
"qianmen_aq#42",0,37.4033508300781,0
"qianmen_aq#43",0,28.2327632904053,0
"qianmen_aq#44",0,15.1268081665039,0
"qianmen_aq#45",0,95.3029937744141,0
"qianmen_aq#46",0,37.4206771850586,0
"qianmen_aq#47",0,21.6065578460693,0
"yongdingme_aq#0",0,83.8640441894531,0
"yongdingme_aq#1",0,70.9590682983398,0
"yongdingme_aq#2",0,112.745559692383,0
"yongdingme_aq#3",0,53.9313354492188,0
"yongdingme_aq#4",0,65.1595153808594,0
"yongdingme_aq#5",0,88.37060546875,0
"yongdingme_aq#6",0,67.6930770874023,0
"yongdingme_aq#7",0,56.2447357177734,0
"yongdingme_aq#8",0,92.324104309082,0
"yongdingme_aq#9",0,59.9007263183594,0
"yongdingme_aq#10",0,62.9114532470703,0
"yongdingme_aq#11",0,83.1560974121094,0
"yongdingme_aq#12",0,61.8157730102539,0
"yongdingme_aq#13",0,64.6334228515625,0
"yongdingme_aq#14",0,76.8270416259766,0
"yongdingme_aq#15",0,133.267913818359,0
"yongdingme_aq#16",0,38.6125221252441,0
"yongdingme_aq#17",0,71.3163833618164,0
"yongdingme_aq#18",0,27.8970947265625,0
"yongdingme_aq#19",0,38.1131362915039,0
"yongdingme_aq#20",0,46.3920288085938,0
"yongdingme_aq#21",0,19.1902103424072,0
"yongdingme_aq#22",0,49.2950630187988,0
"yongdingme_aq#23",0,42.6672668457031,0
"yongdingme_aq#24",0,96.3607482910156,0
"yongdingme_aq#25",0,107.094146728516,0
"yongdingme_aq#26",0,125.286331176758,0
"yongdingme_aq#27",0,75.7524871826172,0
"yongdingme_aq#28",0,112.047760009766,0
"yongdingme_aq#29",0,103.871307373047,0
"yongdingme_aq#30",0,91.3587188720703,0
"yongdingme_aq#31",0,56.0918388366699,0
"yongdingme_aq#32",0,98.1818542480469,0
"yongdingme_aq#33",0,50.1269264221191,0
"yongdingme_aq#34",0,100.80281829834,0
"yongdingme_aq#35",0,108.426300048828,0
"yongdingme_aq#36",0,24.795768737793,0
"yongdingme_aq#37",0,22.0469074249268,0
"yongdingme_aq#38",0,33.5624732971191,0
"yongdingme_aq#39",0,28.5151023864746,0
"yongdingme_aq#40",0,8.66579532623291,0
"yongdingme_aq#41",0,51.0170478820801,0
"yongdingme_aq#42",0,21.3949813842773,0
"yongdingme_aq#43",0,28.5505561828613,0
"yongdingme_aq#44",0,3.46233320236206,0
"yongdingme_aq#45",0,54.5919532775879,0
"yongdingme_aq#46",0,7.77594614028931,0
"yongdingme_aq#47",0,2.33457326889038,0
"xizhimenbe_aq#0",0,83.0003051757812,0
"xizhimenbe_aq#1",0,75.0787506103516,0
"xizhimenbe_aq#2",0,113.830932617188,0
"xizhimenbe_aq#3",0,48.3429832458496,0
"xizhimenbe_aq#4",0,72.8953628540039,0
"xizhimenbe_aq#5",0,87.3205413818359,0
"xizhimenbe_aq#6",0,90.4789962768555,0
"xizhimenbe_aq#7",0,61.8346748352051,0
"xizhimenbe_aq#8",0,96.5484237670898,0
"xizhimenbe_aq#9",0,61.8912315368652,0
"xizhimenbe_aq#10",0,63.0795478820801,0
"xizhimenbe_aq#11",0,84.1042938232422,0
"xizhimenbe_aq#12",0,60.9187431335449,0
"xizhimenbe_aq#13",0,68.3800506591797,0
"xizhimenbe_aq#14",0,75.3206329345703,0
"xizhimenbe_aq#15",0,140.080459594727,0
"xizhimenbe_aq#16",0,67.1971054077148,0
"xizhimenbe_aq#17",0,106.480209350586,0
"xizhimenbe_aq#18",0,81.4974822998047,0
"xizhimenbe_aq#19",0,52.4238815307617,0
"xizhimenbe_aq#20",0,57.7644996643066,0
"xizhimenbe_aq#21",0,27.8016510009766,0
"xizhimenbe_aq#22",0,52.3910980224609,0
"xizhimenbe_aq#23",0,17.8875827789307,0
"xizhimenbe_aq#24",0,43.9748001098633,0
"xizhimenbe_aq#25",0,52.5904922485352,0
"xizhimenbe_aq#26",0,75.8401870727539,0
"xizhimenbe_aq#27",0,51.7168350219727,0
"xizhimenbe_aq#28",0,102.602279663086,0
"xizhimenbe_aq#29",0,83.7779693603516,0
"xizhimenbe_aq#30",0,70.1471405029297,0
"xizhimenbe_aq#31",0,74.1406784057617,0
"xizhimenbe_aq#32",0,103.927314758301,0
"xizhimenbe_aq#33",0,64.8071517944336,0
"xizhimenbe_aq#34",0,82.8142776489258,0
"xizhimenbe_aq#35",0,36.1204795837402,0
"xizhimenbe_aq#36",0,35.8015518188477,0
"xizhimenbe_aq#37",0,34.3880157470703,0
"xizhimenbe_aq#38",0,26.5273857116699,0
"xizhimenbe_aq#39",0,32.0629272460938,0
"xizhimenbe_aq#40",0,22.4125270843506,0
"xizhimenbe_aq#41",0,37.9191474914551,0
"xizhimenbe_aq#42",0,37.4033508300781,0
"xizhimenbe_aq#43",0,28.2327632904053,0
"xizhimenbe_aq#44",0,15.1268081665039,0
"xizhimenbe_aq#45",0,95.3029937744141,0
"xizhimenbe_aq#46",0,37.4206771850586,0
"xizhimenbe_aq#47",0,21.6065578460693,0
"nansanhuan_aq#0",0,83.0003051757812,0
"nansanhuan_aq#1",0,75.0787506103516,0
"nansanhuan_aq#2",0,113.830932617188,0
"nansanhuan_aq#3",0,48.3429832458496,0
"nansanhuan_aq#4",0,72.8953628540039,0
"nansanhuan_aq#5",0,87.3205413818359,0
"nansanhuan_aq#6",0,90.4789962768555,0
"nansanhuan_aq#7",0,61.8346748352051,0
"nansanhuan_aq#8",0,96.5484237670898,0
"nansanhuan_aq#9",0,61.8912315368652,0
"nansanhuan_aq#10",0,63.0795478820801,0
"nansanhuan_aq#11",0,84.1042938232422,0
"nansanhuan_aq#12",0,60.9187431335449,0
"nansanhuan_aq#13",0,68.3800506591797,0
"nansanhuan_aq#14",0,75.3206329345703,0
"nansanhuan_aq#15",0,140.080459594727,0
"nansanhuan_aq#16",0,67.1971054077148,0
"nansanhuan_aq#17",0,106.480209350586,0
"nansanhuan_aq#18",0,81.4974822998047,0
"nansanhuan_aq#19",0,52.4238815307617,0
"nansanhuan_aq#20",0,57.7644996643066,0
"nansanhuan_aq#21",0,27.8016510009766,0
"nansanhuan_aq#22",0,52.3910980224609,0
"nansanhuan_aq#23",0,17.8875827789307,0
"nansanhuan_aq#24",0,43.9748001098633,0
"nansanhuan_aq#25",0,52.5904922485352,0
"nansanhuan_aq#26",0,75.8401870727539,0
"nansanhuan_aq#27",0,51.7168350219727,0
"nansanhuan_aq#28",0,102.602279663086,0
"nansanhuan_aq#29",0,83.7779693603516,0
"nansanhuan_aq#30",0,70.1471405029297,0
"nansanhuan_aq#31",0,74.1406784057617,0
"nansanhuan_aq#32",0,103.927314758301,0
"nansanhuan_aq#33",0,64.8071517944336,0
"nansanhuan_aq#34",0,82.8142776489258,0
"nansanhuan_aq#35",0,36.1204795837402,0
"nansanhuan_aq#36",0,35.8015518188477,0
"nansanhuan_aq#37",0,34.3880157470703,0
"nansanhuan_aq#38",0,26.5273857116699,0
"nansanhuan_aq#39",0,32.0629272460938,0
"nansanhuan_aq#40",0,22.4125270843506,0
"nansanhuan_aq#41",0,37.9191474914551,0
"nansanhuan_aq#42",0,37.4033508300781,0
"nansanhuan_aq#43",0,28.2327632904053,0
"nansanhuan_aq#44",0,15.1268081665039,0
"nansanhuan_aq#45",0,95.3029937744141,0
"nansanhuan_aq#46",0,37.4206771850586,0
"nansanhuan_aq#47",0,21.6065578460693,0
"dongsihuan_aq#0",0,64.5791702270508,0
"dongsihuan_aq#1",0,54.2716484069824,0
"dongsihuan_aq#2",0,89.7908935546875,0
"dongsihuan_aq#3",0,34.5770950317383,0
"dongsihuan_aq#4",0,41.9184379577637,0
"dongsihuan_aq#5",0,67.3236236572266,0
"dongsihuan_aq#6",0,58.7078323364258,0
"dongsihuan_aq#7",0,59.1817512512207,0
"dongsihuan_aq#8",0,72.9050827026367,0
"dongsihuan_aq#9",0,40.659740447998,0
"dongsihuan_aq#10",0,37.3555221557617,0
"dongsihuan_aq#11",0,55.1820640563965,0
"dongsihuan_aq#12",0,70.3190536499023,0
"dongsihuan_aq#13",0,65.2909698486328,0
"dongsihuan_aq#14",0,54.0647506713867,0
"dongsihuan_aq#15",0,72.5928649902344,0
"dongsihuan_aq#16",0,52.8282127380371,0
"dongsihuan_aq#17",0,59.0286293029785,0
"dongsihuan_aq#18",0,67.890022277832,0
"dongsihuan_aq#19",0,100.740379333496,0
"dongsihuan_aq#20",0,44.1192436218262,0
"dongsihuan_aq#21",0,51.2906036376953,0
"dongsihuan_aq#22",0,58.4038047790527,0
"dongsihuan_aq#23",0,57.114387512207,0
"dongsihuan_aq#24",0,53.1736373901367,0
"dongsihuan_aq#25",0,54.7084274291992,0
"dongsihuan_aq#26",0,37.013069152832,0
"dongsihuan_aq#27",0,17.0973834991455,0
"dongsihuan_aq#28",0,33.7577056884766,0
"dongsihuan_aq#29",0,35.0171737670898,0
"dongsihuan_aq#30",0,41.1388931274414,0
"dongsihuan_aq#31",0,32.2112655639648,0
"dongsihuan_aq#32",0,82.3368988037109,0
"dongsihuan_aq#33",0,46.1102142333984,0
"dongsihuan_aq#34",0,54.4385414123535,0
"dongsihuan_aq#35",0,54.7862892150879,0
"dongsihuan_aq#36",0,91.5672225952148,0
"dongsihuan_aq#37",0,54.6125717163086,0
"dongsihuan_aq#38",0,96.5801086425781,0
"dongsihuan_aq#39",0,39.3897895812988,0
"dongsihuan_aq#40",0,17.5019340515137,0
"dongsihuan_aq#41",0,34.1011238098145,0
"dongsihuan_aq#42",0,53.550853729248,0
"dongsihuan_aq#43",0,41.2512893676758,0
"dongsihuan_aq#44",0,20.8070755004883,0
"dongsihuan_aq#45",0,25.9335403442383,0
"dongsihuan_aq#46",0,24.1678199768066,0
"dongsihuan_aq#47",0,8.97768497467041,0
"CD1#0",9.10619258880615,16.8525390625,0
"CD1#1",8.19930648803711,18.0993270874023,0
"CD1#2",9.2470703125,15.9885959625244,0
"CD1#3",8.36131286621094,16.0868301391602,0
"CD1#4",7.77526712417603,18.7003917694092,0
"CD1#5",7.30374002456665,19.6974658966064,0
"CD1#6",8.94887828826904,17.1815071105957,0
"CD1#7",6.86289978027344,20.4438972473145,0
"CD1#8",7.19106149673462,13.4760475158691,0
"CD1#9",8.17960929870605,19.8368473052979,0
"CD1#10",8.28418350219727,44.1085472106934,0
"CD1#11",6.61478281021118,15.3554973602295,0
"CD1#12",8.24471473693848,48.974308013916,0
"CD1#13",8.96352005004883,24.0465259552002,0
"CD1#14",19.1898136138916,18.901741027832,0
"CD1#15",8.21794509887695,16.0791015625,0
"CD1#16",9.03145027160645,17.5528163909912,0
"CD1#17",9.82082843780518,22.7865886688232,0
"CD1#18",9.86789608001709,22.754430770874,0
"CD1#19",12.8366918563843,16.4520092010498,0
"CD1#20",9.40347766876221,15.3815631866455,0
"CD1#21",11.6474409103394,19.5416126251221,0
"CD1#22",12.5131692886353,14.0595655441284,0
"CD1#23",11.614933013916,15.360203742981,0
"CD1#24",14.1208763122559,18.2610187530518,0
"CD1#25",13.2889251708984,16.7240982055664,0
"CD1#26",13.1267585754395,14.139476776123,0
"CD1#27",9.89582824707031,29.0375862121582,0
"CD1#28",10.4542169570923,28.8914909362793,0
"CD1#29",9.7302713394165,31.7426319122314,0
"CD1#30",12.9253282546997,26.1265640258789,0
"CD1#31",9.34436416625977,33.626594543457,0
"CD1#32",11.2549562454224,23.5866985321045,0
"CD1#33",12.0397005081177,27.1140098571777,0
"CD1#34",12.6720285415649,21.8084259033203,0
"CD1#35",11.4307508468628,18.0676708221436,0
"CD1#36",11.7482404708862,19.8653736114502,0
"CD1#37",20.4817543029785,20.92236328125,0
"CD1#38",28.9113597869873,21.2332916259766,0
"CD1#39",10.8607616424561,20.3626861572266,0
"CD1#40",11.367730140686,18.3309268951416,0
"CD1#41",10.5659894943237,24.6171264648438,0
"CD1#42",11.1439733505249,19.3036193847656,0
"CD1#43",10.3982028961182,15.2625255584717,0
"CD1#44",9.74994564056396,19.3136653900146,0
"CD1#45",11.839674949646,27.6061058044434,0
"CD1#46",11.9286546707153,29.1406402587891,0
"CD1#47",10.680703163147,34.1655387878418,0
"BL0#0",17.803918838501,20.7961082458496,0
"BL0#1",17.8907833099365,22.7732238769531,0
"BL0#2",16.0324897766113,17.9499530792236,0
"BL0#3",17.5593070983887,15.1159334182739,0
"BL0#4",20.7715187072754,11.4910354614258,0
"BL0#5",20.2321357727051,21.3961277008057,0
"BL0#6",19.2682266235352,9.33106899261475,0
"BL0#7",14.3317651748657,16.009651184082,0
"BL0#8",13.3914060592651,15.6033496856689,0
"BL0#9",16.5793437957764,19.8167362213135,0
"BL0#10",14.4958791732788,15.8927755355835,0
"BL0#11",14.4223413467407,17.5260906219482,0
"BL0#12",14.6604204177856,15.2877101898193,0
"BL0#13",18.7227115631104,10.8285570144653,0
"BL0#14",18.4429168701172,18.5681285858154,0
"BL0#15",16.079273223877,16.8263072967529,0
"BL0#16",10.6765632629395,11.7706642150879,0
"BL0#17",12.9225473403931,18.2766227722168,0
"BL0#18",13.4681015014648,23.069938659668,0
"BL0#19",14.2231788635254,17.501974105835,0
"BL0#20",14.2708940505981,19.3373508453369,0
"BL0#21",15.1667785644531,20.3869762420654,0
"BL0#22",12.2586612701416,16.5223121643066,0
"BL0#23",13.9368848800659,19.7258071899414,0
"BL0#24",14.4372053146362,21.8185710906982,0
"BL0#25",14.7673320770264,19.7288227081299,0
"BL0#26",13.3379211425781,23.3459949493408,0
"BL0#27",24.7879009246826,13.3478660583496,0
"BL0#28",25.357213973999,22.2408695220947,0
"BL0#29",26.54416847229,20.3487243652344,0
"BL0#30",23.1819744110107,21.8246917724609,0
"BL0#31",27.1954822540283,28.2916431427002,0
"BL0#32",19.4964923858643,28.582239151001,0
"BL0#33",20.0440235137939,23.1258544921875,0
"BL0#34",11.1308345794678,20.8894329071045,0
"BL0#35",14.5255270004272,24.841703414917,0
"BL0#36",14.4484748840332,21.8155860900879,0
"BL0#37",14.7794361114502,31.5046081542969,0
"BL0#38",14.4711780548096,21.665958404541,0
"BL0#39",10.2455339431763,23.8736248016357,0
"BL0#40",13.0034704208374,20.0576515197754,0
"BL0#41",14.2804660797119,21.3459072113037,0
"BL0#42",13.1739931106567,24.9774112701416,0
"BL0#43",13.7768087387085,17.3411407470703,0
"BL0#44",14.5470561981201,16.0282402038574,0
"BL0#45",20.1099300384521,29.0119609832764,0
"BL0#46",21.1231536865234,37.3947105407715,0
"BL0#47",24.6162872314453,31.5884227752686,0
"GR4#0",16.5142021179199,17.7633857727051,0
"GR4#1",16.5948066711426,16.8175601959229,0
"GR4#2",14.7815799713135,19.2502212524414,0
"GR4#3",16.2114639282227,16.7724227905273,0
"GR4#4",19.4727382659912,16.7963447570801,0
"GR4#5",18.9323196411133,16.8707752227783,0
"GR4#6",17.6582164764404,22.1902351379395,0
"GR4#7",13.0856103897095,17.3924407958984,0
"GR4#8",12.1272077560425,20.8919410705566,0
"GR4#9",15.298924446106,18.4861812591553,0
"GR4#10",14.826976776123,16.7537231445312,0
"GR4#11",13.1528596878052,13.6782083511353,0
"GR4#12",13.3529596328735,16.7534446716309,0
"GR4#13",18.0217170715332,10.8889236450195,0
"GR4#14",17.6206474304199,27.5689678192139,0
"GR4#15",14.8975639343262,19.031400680542,0
"GR4#16",11.0479869842529,12.0099096298218,0
"GR4#17",12.9816026687622,13.9864358901978,0
"GR4#18",13.0010013580322,18.3113555908203,0
"GR4#19",14.4979562759399,25.6853294372559,0
"GR4#20",14.6982593536377,12.7621507644653,0
"GR4#21",15.6985569000244,21.1238689422607,0
"GR4#22",13.0615472793579,15.024974822998,0
"GR4#23",13.6401319503784,18.7371845245361,0
"GR4#24",14.3112106323242,28.6399688720703,0
"GR4#25",14.8339281082153,22.8613719940186,0
"GR4#26",12.9322557449341,18.0525512695312,0
"GR4#27",23.3609867095947,20.3539810180664,0
"GR4#28",24.2805652618408,15.200740814209,0
"GR4#29",25.2752628326416,20.6419239044189,0
"GR4#30",21.9114189147949,22.4620704650879,0
"GR4#31",26.057243347168,32.2130279541016,0
"GR4#32",19.4676780700684,35.0494117736816,0
"GR4#33",20.7568092346191,30.3466529846191,0
"GR4#34",10.8288955688477,28.6827621459961,0
"GR4#35",13.5744295120239,23.7070999145508,0
"GR4#36",15.1765279769897,21.8155860900879,0
"GR4#37",16.0247001647949,32.8899879455566,0
"GR4#38",14.4029684066772,34.1262664794922,0
"GR4#39",9.97835254669189,10.7851858139038,0
"GR4#40",12.9259471893311,17.2050647735596,0
"GR4#41",14.5806398391724,20.026575088501,0
"GR4#42",12.2883157730103,26.7514972686768,0
"GR4#43",13.0980634689331,28.3199596405029,0
"GR4#44",13.8412971496582,29.5804576873779,0
"GR4#45",19.957950592041,27.2306938171387,0
"GR4#46",20.9550476074219,25.4907150268555,0
"GR4#47",24.4614772796631,35.4537811279297,0
"MY7#0",14.6734952926636,25.8583965301514,0
"MY7#1",14.9963636398315,25.6148242950439,0
"MY7#2",14.5705156326294,20.2569961547852,0
"MY7#3",15.6430187225342,24.726505279541,0
"MY7#4",14.5031385421753,25.7178134918213,0
"MY7#5",13.4609537124634,26.1666526794434,0
"MY7#6",13.9945516586304,21.4094085693359,0
"MY7#7",15.1800832748413,22.642707824707,0
"MY7#8",14.2001056671143,18.199577331543,0
"MY7#9",12.552285194397,23.0222759246826,0
"MY7#10",10.7988681793213,20.4164066314697,0
"MY7#11",10.8648014068604,19.952356338501,0
"MY7#12",10.0782804489136,18.4865837097168,0
"MY7#13",18.3247127532959,32.4313812255859,0
"MY7#14",28.7641983032227,33.9336357116699,0
"MY7#15",14.6594142913818,21.3887767791748,0
"MY7#16",10.6708860397339,19.3749828338623,0
"MY7#17",11.1846103668213,16.7168369293213,0
"MY7#18",11.2608041763306,18.5788726806641,0
"MY7#19",16.396089553833,19.9450988769531,0
"MY7#20",6.36932849884033,17.9484825134277,0
"MY7#21",10.6677951812744,18.193359375,0
"MY7#22",8.26177215576172,18.1269855499268,0
"MY7#23",7.38959789276123,16.4165954589844,0
"MY7#24",11.7876844406128,16.1611881256104,0
"MY7#25",8.95807456970215,12.8441772460938,0
"MY7#26",10.6895141601562,16.1357326507568,0
"MY7#27",16.8499870300293,27.5543937683105,0
"MY7#28",22.8492240905762,31.5777816772461,0
"MY7#29",24.9852294921875,32.9144515991211,0
"MY7#30",25.2448043823242,22.4056415557861,0
"MY7#31",27.3916873931885,32.7210998535156,0
"MY7#32",25.1375999450684,24.8789310455322,0
"MY7#33",26.9070243835449,24.8824348449707,0
"MY7#34",9.78259468078613,20.2584476470947,0
"MY7#35",12.5251932144165,18.0419101715088,0
"MY7#36",15.2133874893188,21.2262382507324,0
"MY7#37",23.5066547393799,14.1847896575928,0
"MY7#38",20.6053085327148,26.3298034667969,0
"MY7#39",7.89164352416992,21.4290657043457,0
"MY7#40",10.2955760955811,18.4109172821045,0
"MY7#41",12.5392665863037,21.2069759368896,0
"MY7#42",21.469274520874,12.7301158905029,0
"MY7#43",21.1011447906494,14.0280094146729,0
"MY7#44",20.9360027313232,16.7453289031982,0
"MY7#45",18.9591083526611,24.0209941864014,0
"MY7#46",19.6441249847412,26.2329788208008,0
"MY7#47",20.2798252105713,25.9589157104492,0
"HV1#0",17.803918838501,19.1509685516357,0
"HV1#1",17.8907833099365,20.0575542449951,0
"HV1#2",16.0324897766113,20.5639457702637,0
"HV1#3",17.5593070983887,16.53733253479,0
"HV1#4",20.7715187072754,18.9458656311035,0
"HV1#5",20.2321357727051,17.0488052368164,0
"HV1#6",19.2682266235352,19.7725791931152,0
"HV1#7",14.3317651748657,19.4488086700439,0
"HV1#8",13.3914060592651,20.0830497741699,0
"HV1#9",16.5793437957764,21.5855236053467,0
"HV1#10",14.4958791732788,18.7906513214111,0
"HV1#11",14.4223413467407,17.2443542480469,0
"HV1#12",14.6604204177856,15.3318252563477,0
"HV1#13",18.7227115631104,11.2859649658203,0
"HV1#14",18.4429168701172,32.9466438293457,0
"HV1#15",16.079273223877,20.2013282775879,0
"HV1#16",10.6765632629395,17.6632251739502,0
"HV1#17",12.9225473403931,17.0576019287109,0
"HV1#18",13.4681015014648,19.1579627990723,0
"HV1#19",14.2231788635254,23.9792385101318,0
"HV1#20",14.2708940505981,22.8566856384277,0
"HV1#21",15.1667785644531,16.6167221069336,0
"HV1#22",12.2586612701416,17.7277927398682,0
"HV1#23",13.9368848800659,15.5646438598633,0
"HV1#24",14.4372053146362,26.1107311248779,0
"HV1#25",14.7673320770264,16.6928977966309,0
"HV1#26",13.3379211425781,16.418701171875,0
"HV1#27",24.7879009246826,13.5649728775024,0
"HV1#28",25.357213973999,22.0683498382568,0
"HV1#29",26.54416847229,23.2416591644287,0
"HV1#30",23.1819744110107,23.5823154449463,0
"HV1#31",27.1954822540283,30.0244693756104,0
"HV1#32",19.4964923858643,35.8918495178223,0
"HV1#33",20.0440235137939,29.0494689941406,0
"HV1#34",11.1308345794678,22.0812187194824,0
"HV1#35",14.5255270004272,20.9441204071045,0
"HV1#36",14.4484748840332,23.4312934875488,0
"HV1#37",14.7794361114502,30.488338470459,0
"HV1#38",14.4711780548096,32.7863159179688,0
"HV1#39",10.2455339431763,13.0797252655029,0
"HV1#40",13.0034704208374,16.8122062683105,0
"HV1#41",14.2804660797119,20.418478012085,0
"HV1#42",13.1739931106567,20.3445816040039,0
"HV1#43",13.7768087387085,15.9595594406128,0
"HV1#44",14.5470561981201,30.735387802124,0
"HV1#45",20.1099300384521,17.3069305419922,0
"HV1#46",21.1231536865234,17.979549407959,0
"HV1#47",24.6162872314453,22.1487216949463,0
"GN3#0",15.7014331817627,21.892936706543,0
"GN3#1",16.0515747070312,23.1793670654297,0
"GN3#2",15.6249618530273,13.1952333450317,0
"GN3#3",16.6512203216553,17.7622528076172,0
"GN3#4",15.5757970809937,17.5932922363281,0
"GN3#5",14.7082738876343,18.5638561248779,0
"GN3#6",15.0568904876709,17.19651222229,0
"GN3#7",16.2345294952393,15.9558582305908,0
"GN3#8",15.2516288757324,19.4061050415039,0
"GN3#9",13.7182207107544,19.4880962371826,0
"GN3#10",12.8968858718872,17.8035316467285,0
"GN3#11",11.5501956939697,15.0893468856812,0
"GN3#12",11.0870876312256,18.7216625213623,0
"GN3#13",19.5094013214111,24.8049297332764,0
"GN3#14",29.5319213867188,34.9769401550293,0
"GN3#15",15.7190780639648,19.1416568756104,0
"GN3#16",12.7125606536865,21.9432983398438,0
"GN3#17",12.2105026245117,12.1853055953979,0
"GN3#18",12.4435615539551,20.1482200622559,0
"GN3#19",17.2142219543457,23.90500831604,0
"GN3#20",7.09236097335815,17.0690097808838,0
"GN3#21",12.596489906311,13.4216613769531,0
"GN3#22",9.33228302001953,23.7129993438721,0
"GN3#23",8.33427715301514,15.8616123199463,0
"GN3#24",12.0651330947876,21.9032344818115,0
"GN3#25",8.01042556762695,18.1376571655273,0
"GN3#26",10.3960647583008,15.4172840118408,0
"GN3#27",15.6717281341553,15.2011547088623,0
"GN3#28",22.0520210266113,21.0047149658203,0
"GN3#29",25.0987129211426,29.0435218811035,0
"GN3#30",24.9028759002686,20.1288967132568,0
"GN3#31",26.3173484802246,34.2332878112793,0
"GN3#32",23.9253025054932,38.3992691040039,0
"GN3#33",26.3019466400146,33.8239784240723,0
"GN3#34",9.47847652435303,21.3816051483154,0
"GN3#35",10.6349487304688,22.2811717987061,0
"GN3#36",17.1050205230713,23.5356540679932,0
"GN3#37",22.2636260986328,21.1842746734619,0
"GN3#38",20.8265228271484,30.9326667785645,0
"GN3#39",8.35099983215332,20.335844039917,0
"GN3#40",10.7968587875366,35.9583320617676,0
"GN3#41",13.2908849716187,18.2345447540283,0
"GN3#42",15.5867652893066,17.4710254669189,0
"GN3#43",15.6813802719116,14.3460693359375,0
"GN3#44",16.1480407714844,13.7723588943481,0
"GN3#45",13.5391616821289,17.6459407806396,0
"GN3#46",14.2106628417969,21.7716464996338,0
"GN3#47",14.8369665145874,18.0316543579102,0
"GR9#0",10.1031789779663,10.0410633087158,0
"GR9#1",9.40328598022461,10.0977964401245,0
"GR9#2",8.08468723297119,5.53118371963501,0
"GR9#3",10.7472581863403,10.4342174530029,0
"GR9#4",5.96749114990234,8.06112480163574,0
"GR9#5",9.07710838317871,7.38369560241699,0
"GR9#6",11.8504543304443,8.98035049438477,0
"GR9#7",6.31714391708374,16.666166305542,0
"GR9#8",7.14992141723633,9.66036415100098,0
"GR9#9",10.4970941543579,8.67279434204102,0
"GR9#10",6.33425855636597,11.1119184494019,0
"GR9#11",8.29588031768799,11.0433740615845,0
"GR9#12",10.1000032424927,10.6150007247925,0
"GR9#13",17.3567886352539,7.98992538452148,0
"GR9#14",9.82486343383789,16.9791870117188,0
"GR9#15",9.05280876159668,3.7923104763031,0
"GR9#16",9.06797981262207,9.75272274017334,0
"GR9#17",7.92060565948486,0.522757411003113,0
"GR9#18",13.0836334228516,4.73156595230103,0
"GR9#19",15.1934986114502,6.76180028915405,0
"GR9#20",7.9616847038269,19.1829967498779,0
"GR9#21",9.06017780303955,21.5708522796631,0
"GR9#22",11.1779260635376,5.23254585266113,0
"GR9#23",13.7959318161011,6.72501516342163,0
"GR9#24",12.5247182846069,13.4521713256836,0
"GR9#25",17.640266418457,14.1305446624756,0
"GR9#26",14.2009239196777,18.0303573608398,0
"GR9#27",12.3950157165527,3.06335806846619,0
"GR9#28",17.1937522888184,9.99302291870117,0
"GR9#29",26.091236114502,35.0706481933594,0
"GR9#30",27.1734580993652,4.86077165603638,0
"GR9#31",29.5801982879639,5.04039716720581,0
"GR9#32",30.7637195587158,2.17083764076233,0
"GR9#33",29.2022838592529,0.166540563106537,0
"GR9#34",19.0286808013916,11.5571622848511,0
"GR9#35",16.1758842468262,15.4872570037842,0
"GR9#36",15.2171287536621,19.9970855712891,0
"GR9#37",19.774242401123,8.63280296325684,0
"GR9#38",21.6357975006104,31.2024631500244,0
"GR9#39",11.9311256408691,25.4510707855225,0
"GR9#40",9.97357177734375,25.9945545196533,0
"GR9#41",13.2190675735474,24.9944629669189,0
"GR9#42",11.8377342224121,36.9282455444336,0
"GR9#43",12.4989700317383,24.2547626495361,0
"GR9#44",13.7331638336182,25.3374710083008,0
"GR9#45",10.1816329956055,16.4843292236328,0
"GR9#46",11.7204523086548,13.5295734405518,0
"GR9#47",11.0864896774292,16.8285942077637,0
"LW2#0",17.803918838501,12.3298101425171,0
"LW2#1",17.8907833099365,13.0432624816895,0
"LW2#2",16.0324897766113,33.8579788208008,0
"LW2#3",17.5593070983887,14.2228498458862,0
"LW2#4",20.7715187072754,16.8343524932861,0
"LW2#5",20.2321357727051,14.936466217041,0
"LW2#6",19.2682266235352,21.4167366027832,0
"LW2#7",14.3317651748657,18.5349998474121,0
"LW2#8",13.3914060592651,18.8511047363281,0
"LW2#9",16.5793437957764,24.0063858032227,0
"LW2#10",14.4958791732788,18.518798828125,0
"LW2#11",14.4223413467407,20.5907459259033,0
"LW2#12",14.6604204177856,15.1539554595947,0
"LW2#13",18.7227115631104,15.6844034194946,0
"LW2#14",18.4429168701172,16.0686340332031,0
"LW2#15",16.079273223877,20.1922607421875,0
"LW2#16",10.6765632629395,12.0099096298218,0
"LW2#17",12.9225473403931,17.545051574707,0
"LW2#18",13.4681015014648,17.4013805389404,0
"LW2#19",14.2231788635254,19.1949920654297,0
"LW2#20",14.2708940505981,21.16650390625,0
"LW2#21",15.1667785644531,20.44264793396,0
"LW2#22",12.2586612701416,20.39208984375,0
"LW2#23",13.9368848800659,21.3954448699951,0
"LW2#24",14.4372053146362,22.2950305938721,0
"LW2#25",14.7673320770264,19.7288227081299,0
"LW2#26",13.3379211425781,21.0547370910645,0
"LW2#27",24.7879009246826,12.7560243606567,0
"LW2#28",25.357213973999,22.9052028656006,0
"LW2#29",26.54416847229,24.7921562194824,0
"LW2#30",23.1819744110107,16.7726230621338,0
"LW2#31",27.1954822540283,35.2828559875488,0
"LW2#32",19.4964923858643,28.582239151001,0
"LW2#33",20.0440235137939,23.5635585784912,0
"LW2#34",11.1308345794678,23.8699836730957,0
"LW2#35",14.5255270004272,23.7122097015381,0
"LW2#36",14.4484748840332,21.709135055542,0
"LW2#37",14.7794361114502,20.0741710662842,0
"LW2#38",14.4711780548096,22.9399509429932,0
"LW2#39",10.2455339431763,18.2174110412598,0
"LW2#40",13.0034704208374,23.8166637420654,0
"LW2#41",14.2804660797119,21.8005638122559,0
"LW2#42",13.1739931106567,18.0822124481201,0
"LW2#43",13.7768087387085,17.5770492553711,0
"LW2#44",14.5470561981201,18.0367279052734,0
"LW2#45",20.1099300384521,28.1851062774658,0
"LW2#46",21.1231536865234,34.3349227905273,0
"LW2#47",24.6162872314453,30.9861850738525,0
"GN0#0",17.803918838501,17.4481334686279,0
"GN0#1",17.8907833099365,18.0391063690186,0
"GN0#2",16.0324897766113,18.0269756317139,0
"GN0#3",17.5593070983887,13.4111776351929,0
"GN0#4",20.7715187072754,11.9533929824829,0
"GN0#5",20.2321357727051,21.3853931427002,0
"GN0#6",19.2682266235352,21.3142395019531,0
"GN0#7",14.3317651748657,15.2853345870972,0
"GN0#8",13.3914060592651,18.878776550293,0
"GN0#9",16.5793437957764,16.7303447723389,0
"GN0#10",14.4958791732788,16.7537231445312,0
"GN0#11",14.4223413467407,11.6968603134155,0
"GN0#12",14.6604204177856,12.4915885925293,0
"GN0#13",18.7227115631104,13.2725009918213,0
"GN0#14",18.4429168701172,17.0604019165039,0
"GN0#15",16.079273223877,15.0125217437744,0
"GN0#16",10.6765632629395,26.2800846099854,0
"GN0#17",12.9225473403931,20.6787128448486,0
"GN0#18",13.4681015014648,19.0530452728271,0
"GN0#19",14.2231788635254,14.9836530685425,0
"GN0#20",14.2708940505981,17.1011581420898,0
"GN0#21",15.1667785644531,19.0216293334961,0
"GN0#22",12.2586612701416,16.9700813293457,0
"GN0#23",13.9368848800659,22.0358085632324,0
"GN0#24",14.4372053146362,23.5247287750244,0
"GN0#25",14.7673320770264,19.2731056213379,0
"GN0#26",13.3379211425781,20.5916652679443,0
"GN0#27",24.7879009246826,13.5298509597778,0
"GN0#28",25.357213973999,22.4173412322998,0
"GN0#29",26.54416847229,28.1322288513184,0
"GN0#30",23.1819744110107,25.3242740631104,0
"GN0#31",27.1954822540283,36.8174858093262,0
"GN0#32",19.4964923858643,16.4297103881836,0
"GN0#33",20.0440235137939,11.8472547531128,0
"GN0#34",11.1308345794678,15.6948547363281,0
"GN0#35",14.5255270004272,16.778190612793,0
"GN0#36",14.4484748840332,29.6790237426758,0
"GN0#37",14.7794361114502,21.0374526977539,0
"GN0#38",14.4711780548096,22.6695499420166,0
"GN0#39",10.2455339431763,18.6761493682861,0
"GN0#40",13.0034704208374,22.6479911804199,0
"GN0#41",14.2804660797119,24.3002586364746,0
"GN0#42",13.1739931106567,19.0804557800293,0
"GN0#43",13.7768087387085,26.1166820526123,0
"GN0#44",14.5470561981201,27.1679153442383,0
"GN0#45",20.1099300384521,23.2213306427002,0
"GN0#46",21.1231536865234,23.543140411377,0
"GN0#47",24.6162872314453,26.7318649291992,0
"KF1#0",12.7653284072876,17.3770332336426,0
"KF1#1",15.1334266662598,17.1002407073975,0
"KF1#2",12.6732997894287,29.6480979919434,0
"KF1#3",13.0521430969238,18.2663249969482,0
"KF1#4",18.270393371582,25.1768074035645,0
"KF1#5",16.7025032043457,18.3895568847656,0
"KF1#6",15.3595838546753,17.1884689331055,0
"KF1#7",13.1857252120972,12.6215057373047,0
"KF1#8",10.1891622543335,16.174072265625,0
"KF1#9",12.4674673080444,20.7248592376709,0
"KF1#10",10.849967956543,12.0251417160034,0
"KF1#11",9.78731632232666,14.8295669555664,0
"KF1#12",9.51913642883301,13.5075206756592,0
"KF1#13",17.5134468078613,20.9332256317139,0
"KF1#14",20.2104206085205,20.7928256988525,0
"KF1#15",11.9064426422119,18.2105236053467,0
"KF1#16",13.7383232116699,20.1907444000244,0
"KF1#17",14.0287113189697,17.4573345184326,0
"KF1#18",13.4018545150757,19.6046752929688,0
"KF1#19",12.6356229782104,19.5655364990234,0
"KF1#20",13.5256748199463,19.4125556945801,0
"KF1#21",9.59216976165771,17.9670791625977,0
"KF1#22",12.1114940643311,12.856068611145,0
"KF1#23",10.5538396835327,20.3564376831055,0
"KF1#24",13.5960845947266,19.1440544128418,0
"KF1#25",11.7688131332397,19.8805484771729,0
"KF1#26",16.2925872802734,26.9373054504395,0
"KF1#27",24.8652019500732,19.1685199737549,0
"KF1#28",24.1509475708008,25.7320899963379,0
"KF1#29",27.1212291717529,23.4533290863037,0
"KF1#30",23.9232521057129,13.5716218948364,0
"KF1#31",27.9234256744385,26.46826171875,0
"KF1#32",15.8870220184326,27.5064544677734,0
"KF1#33",18.3631572723389,20.2561988830566,0
"KF1#34",6.39595413208008,23.3172817230225,0
"KF1#35",8.22621536254883,22.8165969848633,0
"KF1#36",18.864278793335,26.2096881866455,0
"KF1#37",13.6278781890869,18.3656902313232,0
"KF1#38",17.9014644622803,21.7563934326172,0
"KF1#39",12.830943107605,18.2841873168945,0
"KF1#40",13.8148889541626,18.701286315918,0
"KF1#41",16.8855285644531,25.8763408660889,0
"KF1#42",13.0102577209473,27.274299621582,0
"KF1#43",19.075834274292,21.1343746185303,0
"KF1#44",22.1751003265381,22.1552619934082,0
"KF1#45",16.3702926635742,28.1391124725342,0
"KF1#46",16.1381149291992,27.1303367614746,0
"KF1#47",19.3885555267334,29.7625904083252,0
"CD9#0",17.803918838501,12.3298101425171,0
"CD9#1",17.8907833099365,13.0432624816895,0
"CD9#2",16.0324897766113,33.8579788208008,0
"CD9#3",17.5593070983887,14.2228498458862,0
"CD9#4",20.7715187072754,16.8343524932861,0
"CD9#5",20.2321357727051,14.936466217041,0
"CD9#6",19.2682266235352,21.4167366027832,0
"CD9#7",14.3317651748657,18.5349998474121,0
"CD9#8",13.3914060592651,18.8511047363281,0
"CD9#9",16.5793437957764,24.0063858032227,0
"CD9#10",14.4958791732788,18.518798828125,0
"CD9#11",14.4223413467407,20.5907459259033,0
"CD9#12",14.6604204177856,15.1539554595947,0
"CD9#13",18.7227115631104,15.6844034194946,0
"CD9#14",18.4429168701172,16.0686340332031,0
"CD9#15",16.079273223877,20.1922607421875,0
"CD9#16",10.6765632629395,12.0099096298218,0
"CD9#17",12.9225473403931,17.545051574707,0
"CD9#18",13.4681015014648,17.4013805389404,0
"CD9#19",14.2231788635254,19.1949920654297,0
"CD9#20",14.2708940505981,21.16650390625,0
"CD9#21",15.1667785644531,20.44264793396,0
"CD9#22",12.2586612701416,20.39208984375,0
"CD9#23",13.9368848800659,21.3954448699951,0
"CD9#24",14.4372053146362,22.2950305938721,0
"CD9#25",14.7673320770264,19.7288227081299,0
"CD9#26",13.3379211425781,21.0547370910645,0
"CD9#27",24.7879009246826,12.7560243606567,0
"CD9#28",25.357213973999,22.9052028656006,0
"CD9#29",26.54416847229,24.7921562194824,0
"CD9#30",23.1819744110107,16.7726230621338,0
"CD9#31",27.1954822540283,35.2828559875488,0
"CD9#32",19.4964923858643,28.582239151001,0
"CD9#33",20.0440235137939,23.5635585784912,0
"CD9#34",11.1308345794678,23.8699836730957,0
"CD9#35",14.5255270004272,23.7122097015381,0
"CD9#36",14.4484748840332,21.709135055542,0
"CD9#37",14.7794361114502,20.0741710662842,0
"CD9#38",14.4711780548096,22.9399509429932,0
"CD9#39",10.2455339431763,18.2174110412598,0
"CD9#40",13.0034704208374,23.8166637420654,0
"CD9#41",14.2804660797119,21.8005638122559,0
"CD9#42",13.1739931106567,18.0822124481201,0
"CD9#43",13.7768087387085,17.5770492553711,0
"CD9#44",14.5470561981201,18.0367279052734,0
"CD9#45",20.1099300384521,28.1851062774658,0
"CD9#46",21.1231536865234,34.3349227905273,0
"CD9#47",24.6162872314453,30.9861850738525,0
"ST5#0",17.803918838501,17.7633857727051,0
"ST5#1",17.8907833099365,16.8175601959229,0
"ST5#2",16.0324897766113,19.2502212524414,0
"ST5#3",17.5593070983887,16.7724227905273,0
"ST5#4",20.7715187072754,16.7963447570801,0
"ST5#5",20.2321357727051,16.8707752227783,0
"ST5#6",19.2682266235352,22.1902351379395,0
"ST5#7",14.3317651748657,17.3924407958984,0
"ST5#8",13.3914060592651,20.8919410705566,0
"ST5#9",16.5793437957764,18.4861812591553,0
"ST5#10",14.4958791732788,16.7537231445312,0
"ST5#11",14.4223413467407,13.6782083511353,0
"ST5#12",14.6604204177856,16.7534446716309,0
"ST5#13",18.7227115631104,10.8889236450195,0
"ST5#14",18.4429168701172,27.5689678192139,0
"ST5#15",16.079273223877,19.031400680542,0
"ST5#16",10.6765632629395,12.0099096298218,0
"ST5#17",12.9225473403931,13.9864358901978,0
"ST5#18",13.4681015014648,18.3113555908203,0
"ST5#19",14.2231788635254,25.6853294372559,0
"ST5#20",14.2708940505981,12.7621507644653,0
"ST5#21",15.1667785644531,21.1238689422607,0
"ST5#22",12.2586612701416,15.024974822998,0
"ST5#23",13.9368848800659,18.7371845245361,0
"ST5#24",14.4372053146362,28.6399688720703,0
"ST5#25",14.7673320770264,22.8613719940186,0
"ST5#26",13.3379211425781,18.0525512695312,0
"ST5#27",24.7879009246826,20.3539810180664,0
"ST5#28",25.357213973999,15.200740814209,0
"ST5#29",26.54416847229,20.6419239044189,0
"ST5#30",23.1819744110107,22.4620704650879,0
"ST5#31",27.1954822540283,32.2130279541016,0
"ST5#32",19.4964923858643,35.0494117736816,0
"ST5#33",20.0440235137939,30.3466529846191,0
"ST5#34",11.1308345794678,28.6827621459961,0
"ST5#35",14.5255270004272,23.7070999145508,0
"ST5#36",14.4484748840332,21.8155860900879,0
"ST5#37",14.7794361114502,32.8899879455566,0
"ST5#38",14.4711780548096,34.1262664794922,0
"ST5#39",10.2455339431763,10.7851858139038,0
"ST5#40",13.0034704208374,17.2050647735596,0
"ST5#41",14.2804660797119,20.026575088501,0
"ST5#42",13.1739931106567,26.7514972686768,0
"ST5#43",13.7768087387085,28.3199596405029,0
"ST5#44",14.5470561981201,29.5804576873779,0
"ST5#45",20.1099300384521,27.2306938171387,0
"ST5#46",21.1231536865234,25.4907150268555,0
"ST5#47",24.6162872314453,35.4537811279297,0
"TH4#0",14.6734952926636,16.2883739471436,0
"TH4#1",14.9963636398315,18.6519546508789,0
"TH4#2",14.5705156326294,18.4689884185791,0
"TH4#3",15.6430187225342,16.3395538330078,0
"TH4#4",14.5031385421753,16.5883293151855,0
"TH4#5",13.4609537124634,12.8430767059326,0
"TH4#6",13.9945516586304,25.8671569824219,0
"TH4#7",15.1800832748413,19.7446994781494,0
"TH4#8",14.2001056671143,14.0617589950562,0
"TH4#9",12.552285194397,19.6286144256592,0
"TH4#10",10.7988681793213,22.3592987060547,0
"TH4#11",10.8648014068604,13.184947013855,0
"TH4#12",10.0782804489136,13.4336214065552,0
"TH4#13",18.3247127532959,13.1767234802246,0
"TH4#14",28.7641983032227,24.5190906524658,0
"TH4#15",14.6594142913818,12.378604888916,0
"TH4#16",10.6708860397339,15.001877784729,0
"TH4#17",11.1846103668213,13.8848237991333,0
"TH4#18",11.2608041763306,21.7753047943115,0
"TH4#19",16.396089553833,27.4077529907227,0
"TH4#20",6.36932849884033,26.9618244171143,0
"TH4#21",10.6677951812744,23.339672088623,0
"TH4#22",8.26177215576172,26.4785957336426,0
"TH4#23",7.38959789276123,29.986291885376,0
"TH4#24",11.7876844406128,33.787223815918,0
"TH4#25",8.95807456970215,28.5918369293213,0
"TH4#26",10.6895141601562,24.8842163085938,0
"TH4#27",16.8499870300293,27.1516990661621,0
"TH4#28",22.8492240905762,32.8555221557617,0
"TH4#29",24.9852294921875,21.8980827331543,0
"TH4#30",25.2448043823242,34.5699157714844,0
"TH4#31",27.3916873931885,33.5303611755371,0
"TH4#32",25.1375999450684,35.4300994873047,0
"TH4#33",26.9070243835449,32.8523292541504,0
"TH4#34",9.78259468078613,24.4252262115479,0
"TH4#35",12.5251932144165,34.9491310119629,0
"TH4#36",15.2133874893188,42.8763236999512,0
"TH4#37",23.5066547393799,40.4827041625977,0
"TH4#38",20.6053085327148,47.2809181213379,0
"TH4#39",7.89164352416992,29.0202445983887,0
"TH4#40",10.2955760955811,29.654712677002,0
"TH4#41",12.5392665863037,33.8021545410156,0
"TH4#42",21.469274520874,21.8990478515625,0
"TH4#43",21.1011447906494,24.3795337677002,0
"TH4#44",20.9360027313232,16.0917205810547,0
"TH4#45",18.9591083526611,15.823748588562,0
"TH4#46",19.6441249847412,18.5647010803223,0
"TH4#47",20.2798252105713,18.5653553009033,0
